ğŸ˜€	grinning	face, smile, happy, joy, :D, grin
ğŸ˜¬	grimacing	face, grimace, teeth
ğŸ˜	grin	face, happy, smile, joy, kawaii
ğŸ˜‚	joy	face, cry, tears, weep, happy, happytears, haha
ğŸ¤£	rofl	face, rolling, floor, laughing, lol, haha
ğŸ˜ƒ	smiley	face, happy, joy, haha, :D, :), smile, funny
ğŸ˜„	smile	face, happy, joy, funny, haha, laugh, like, :D, :)
ğŸ˜…	sweat_smile	face, hot, happy, laugh, sweat, smile, relief
ğŸ˜†	laughing	happy, joy, lol, satisfied, haha, face, glad, XD, laugh
ğŸ˜‡	innocent	face, angel, heaven, halo
ğŸ˜‰	wink	face, happy, mischievous, secret, ;), smile, eye
ğŸ˜Š	blush	face, smile, happy, flushed, crush, embarrassed, shy, joy
ğŸ™‚	slightly_smiling_face	face, smile
ğŸ™ƒ	upside_down_face	face, flipped, silly, smile
â˜ºï¸	relaxed	face, blush, massage, happiness
ğŸ˜‹	yum	happy, joy, tongue, smile, face, silly, yummy, nom, delicious, savouring
ğŸ˜Œ	relieved	face, relaxed, phew, massage, happiness
ğŸ˜	heart_eyes	face, love, like, affection, valentines, infatuation, crush, heart
ğŸ˜˜	kissing_heart	face, love, like, affection, valentines, infatuation, kiss
ğŸ˜—	kissing	love, like, face, 3, valentines, infatuation, kiss
ğŸ˜™	kissing_smiling_eyes	face, affection, valentines, infatuation, kiss
ğŸ˜š	kissing_closed_eyes	face, love, like, affection, valentines, infatuation, kiss
ğŸ˜œ	stuck_out_tongue_winking_eye	face, prank, childish, playful, mischievous, smile, wink, tongue
ğŸ¤ª	zany	face, goofy, crazy
ğŸ¤¨	raised_eyebrow	face, distrust, scepticism, disapproval, disbelief, surprise
ğŸ§	monocle	face, stuffy, wealthy
ğŸ˜	stuck_out_tongue_closed_eyes	face, prank, playful, mischievous, smile, tongue
ğŸ˜›	stuck_out_tongue	face, prank, childish, playful, mischievous, smile, tongue
ğŸ¤‘	money_mouth_face	face, rich, dollar, money
ğŸ¤“	nerd_face	face, nerdy, geek, dork
ğŸ˜	sunglasses	face, cool, smile, summer, beach, sunglass
ğŸ¤©	star_struck	face, smile, starry, eyes, grinning
ğŸ¤¡	clown_face	face
ğŸ¤ 	cowboy_hat_face	face, cowgirl, hat
ğŸ¤—	hugs	face, smile, hug
ğŸ˜	smirk	face, smile, mean, prank, smug, sarcasm
ğŸ˜¶	no_mouth	face, hellokitty
ğŸ˜	neutral_face	indifference, meh, :|, neutral
ğŸ˜‘	expressionless	face, indifferent, -_-, meh, deadpan
ğŸ˜’	unamused	indifference, bored, straight face, serious, sarcasm, unimpressed, skeptical, dubious, side_eye
ğŸ™„	roll_eyes	face, eyeroll, frustrated
ğŸ¤”	thinking	face, hmmm, think, consider
ğŸ¤¥	lying_face	face, lie, pinocchio
ğŸ¤­	hand_over_mouth	face, whoops, shock, surprise
ğŸ¤«	shushing	face, quiet, shhh
ğŸ¤¬	symbols_over_mouth	face, swearing, cursing, cussing, profanity, expletive
ğŸ¤¯	exploding_head	face, shocked, mind, blown
ğŸ˜³	flushed	face, blush, shy, flattered
ğŸ˜	disappointed	face, sad, upset, depressed, :(
ğŸ˜Ÿ	worried	face, concern, nervous, :(
ğŸ˜ 	angry	mad, face, annoyed, frustrated
ğŸ˜¡	rage	angry, mad, hate, despise
ğŸ˜”	pensive	face, sad, depressed, upset
ğŸ˜•	confused	face, indifference, huh, weird, hmmm, :/
ğŸ™	slightly_frowning_face	face, frowning, disappointed, sad, upset
â˜¹	frowning_face	face, sad, upset, frown
ğŸ˜£	persevere	face, sick, no, upset, oops
ğŸ˜–	confounded	face, confused, sick, unwell, oops, :S
ğŸ˜«	tired_face	sick, whine, upset, frustrated
ğŸ˜©	weary	face, tired, sleepy, sad, frustrated, upset
ğŸ˜¤	triumph	face, gas, phew, proud, pride
ğŸ˜®	open_mouth	face, surprise, impressed, wow, whoa, :O
ğŸ˜±	scream	face, munch, scared, omg
ğŸ˜¨	fearful	face, scared, terrified, nervous, oops, huh
ğŸ˜°	cold_sweat	face, nervous, sweat
ğŸ˜¯	hushed	face, woo, shh
ğŸ˜¦	frowning	face, aw, what
ğŸ˜§	anguished	face, stunned, nervous
ğŸ˜¢	cry	face, tears, sad, depressed, upset, :'(
ğŸ˜¥	disappointed_relieved	face, phew, sweat, nervous
ğŸ¤¤	drooling_face	face
ğŸ˜ª	sleepy	face, tired, rest, nap
ğŸ˜“	sweat	face, hot, sad, tired, exercise
ğŸ˜­	sob	face, cry, tears, sad, upset, depressed
ğŸ˜µ	dizzy_face	spent, unconscious, xox, dizzy
ğŸ˜²	astonished	face, xox, surprised, poisoned
ğŸ¤	zipper_mouth_face	face, sealed, zipper, secret
ğŸ¤¢	nauseated_face	face, vomit, gross, green, sick, throw up, ill
ğŸ¤§	sneezing_face	face, gesundheit, sneeze, sick, allergy
ğŸ¤®	vomiting	face, sick
ğŸ˜·	mask	face, sick, ill, disease
ğŸ¤’	face_with_thermometer	sick, temperature, thermometer, cold, fever
ğŸ¤•	face_with_head_bandage	injured, clumsy, bandage, hurt
ğŸ˜´	sleeping	face, tired, sleepy, night, zzz
ğŸ’¤	zzz	sleepy, tired, dream
ğŸ’©	poop	hankey, shitface, fail, turd, shit
ğŸ˜ˆ	smiling_imp	devil, horns
ğŸ‘¿	imp	devil, angry, horns
ğŸ‘¹	japanese_ogre	monster, red, mask, halloween, scary, creepy, devil, demon, japanese, ogre
ğŸ‘º	japanese_goblin	red, evil, mask, monster, scary, creepy, japanese, goblin
ğŸ’€	skull	dead, skeleton, creepy, death
ğŸ‘»	ghost	halloween, spooky, scary
ğŸ‘½	alien	UFO, paul, weird, outer_space
ğŸ¤–	robot	computer, machine, bot
ğŸ˜º	smiley_cat	animal, cats, happy, smile
ğŸ˜¸	smile_cat	animal, cats, smile
ğŸ˜¹	joy_cat	animal, cats, haha, happy, tears
ğŸ˜»	heart_eyes_cat	animal, love, like, affection, cats, valentines, heart
ğŸ˜¼	smirk_cat	animal, cats, smirk
ğŸ˜½	kissing_cat	animal, cats, kiss
ğŸ™€	scream_cat	animal, cats, munch, scared, scream
ğŸ˜¿	crying_cat_face	animal, tears, weep, sad, cats, upset, cry
ğŸ˜¾	pouting_cat	animal, cats
ğŸ¤²	palms_up	hands, gesture, cupped, prayer
ğŸ™Œ	raised_hands	gesture, hooray, yea, celebration, hands
ğŸ‘	clap	hands, praise, applause, congrats, yay
ğŸ‘‹	wave	hands, gesture, goodbye, solong, farewell, hello, hi, palm
ğŸ¤™	call_me_hand	hands, gesture
ğŸ‘	+1	thumbsup, yes, awesome, good, agree, accept, cool, hand, like
ğŸ‘	-1	thumbsdown, no, dislike, hand
ğŸ‘Š	facepunch	angry, violence, fist, hit, attack, hand
âœŠ	fist	fingers, hand, grasp
ğŸ¤›	fist_left	hand, fistbump
ğŸ¤œ	fist_right	hand, fistbump
âœŒ	v	fingers, ohyeah, hand, peace, victory, two
ğŸ‘Œ	ok_hand	fingers, limbs, perfect, ok, okay
âœ‹	raised_hand	fingers, stop, highfive, palm, ban
ğŸ¤š	raised_back_of_hand	fingers, raised, backhand
ğŸ‘	open_hands	fingers, butterfly, hands, open
ğŸ’ª	muscle	arm, flex, hand, summer, strong, biceps
ğŸ™	pray	please, hope, wish, namaste, highfive
ğŸ¤	handshake	agreement, shake
â˜	point_up	hand, fingers, direction, up
ğŸ‘†	point_up_2	fingers, hand, direction, up
ğŸ‘‡	point_down	fingers, hand, direction, down
ğŸ‘ˆ	point_left	direction, fingers, hand, left
ğŸ‘‰	point_right	fingers, hand, direction, right
ğŸ–•	fu	hand, fingers, rude, middle, flipping
ğŸ–	raised_hand_with_fingers_splayed	hand, fingers, palm
ğŸ¤Ÿ	love_you	hand, fingers, gesture
ğŸ¤˜	metal	hand, fingers, evil_eye, sign_of_horns, rock_on
ğŸ¤	crossed_fingers	good, lucky
ğŸ––	vulcan_salute	hand, fingers, spock, star trek
âœ	writing_hand	lower_left_ballpoint_pen, stationery, write, compose
ğŸ¤³	selfie	camera, phone
ğŸ’…	nail_care	beauty, manicure, finger, fashion, nail
ğŸ‘„	lips	mouth, kiss
ğŸ‘…	tongue	mouth, playful
ğŸ‘‚	ear	face, hear, sound, listen
ğŸ‘ƒ	nose	smell, sniff
ğŸ‘	eye	face, look, see, watch, stare
ğŸ‘€	eyes	look, watch, stalk, peek, see
ğŸ§ 	brain	smart, intelligent
ğŸ‘¤	bust_in_silhouette	user, person, human
ğŸ‘¥	busts_in_silhouette	user, person, human, group, team
ğŸ—£	speaking_head	user, person, human, sing, say, talk
ğŸ‘¶	baby	child, boy, girl, toddler
ğŸ§’	child	gender-neutral, young
ğŸ‘¦	boy	man, male, guy, teenager
ğŸ‘§	girl	female, woman, teenager
ğŸ§‘	adult	gender-neutral, person
ğŸ‘¨	man	mustache, father, dad, guy, classy, sir, moustache
ğŸ‘©	woman	female, girls, lady
ğŸ‘±â€â™€ï¸	blonde_woman	woman, female, girl, blonde, person
ğŸ‘±	blonde_man	man, male, boy, blonde, guy, person
ğŸ§”	bearded_person	person, bewhiskered
ğŸ§“	older_adult	human, elder, senior, gender-neutral
ğŸ‘´	older_man	human, male, men, old, elder, senior
ğŸ‘µ	older_woman	human, female, women, lady, old, elder, senior
ğŸ‘²	man_with_gua_pi_mao	male, boy, chinese
ğŸ§•	woman_with_headscarf	female, hijab, mantilla, tichel
ğŸ‘³â€â™€ï¸	woman_with_turban	female, indian, hinduism, arabs, woman
ğŸ‘³	man_with_turban	male, indian, hinduism, arabs
ğŸ‘®â€â™€ï¸	policewoman	woman, police, law, legal, enforcement, arrest, 911, female
ğŸ‘®	policeman	man, police, law, legal, enforcement, arrest, 911
ğŸ‘·â€â™€ï¸	construction_worker_woman	female, human, wip, build, construction, worker, labor, woman
ğŸ‘·	construction_worker_man	male, human, wip, guy, build, construction, worker, labor
ğŸ’‚â€â™€ï¸	guardswoman	uk, gb, british, female, royal, woman
ğŸ’‚	guardsman	uk, gb, british, male, guy, royal
ğŸ•µï¸â€â™€ï¸	female_detective	human, spy, detective, female, woman
ğŸ•µ	male_detective	human, spy, detective
ğŸ‘©â€âš•ï¸	woman_health_worker	doctor, nurse, therapist, healthcare, woman, human
ğŸ‘¨â€âš•ï¸	man_health_worker	doctor, nurse, therapist, healthcare, man, human
ğŸ‘©â€ğŸŒ¾	woman_farmer	rancher, gardener, woman, human
ğŸ‘¨â€ğŸŒ¾	man_farmer	rancher, gardener, man, human
ğŸ‘©â€ğŸ³	woman_cook	chef, woman, human
ğŸ‘¨â€ğŸ³	man_cook	chef, man, human
ğŸ‘©â€ğŸ“	woman_student	graduate, woman, human
ğŸ‘¨â€ğŸ“	man_student	graduate, man, human
ğŸ‘©â€ğŸ¤	woman_singer	rockstar, entertainer, woman, human
ğŸ‘¨â€ğŸ¤	man_singer	rockstar, entertainer, man, human
ğŸ‘©â€ğŸ«	woman_teacher	instructor, professor, woman, human
ğŸ‘¨â€ğŸ«	man_teacher	instructor, professor, man, human
ğŸ‘©â€ğŸ­	woman_factory_worker	assembly, industrial, woman, human
ğŸ‘¨â€ğŸ­	man_factory_worker	assembly, industrial, man, human
ğŸ‘©â€ğŸ’»	woman_technologist	coder, developer, engineer, programmer, software, woman, human, laptop, computer
ğŸ‘¨â€ğŸ’»	man_technologist	coder, developer, engineer, programmer, software, man, human, laptop, computer
ğŸ‘©â€ğŸ’¼	woman_office_worker	business, manager, woman, human
ğŸ‘¨â€ğŸ’¼	man_office_worker	business, manager, man, human
ğŸ‘©â€ğŸ”§	woman_mechanic	plumber, woman, human, wrench
ğŸ‘¨â€ğŸ”§	man_mechanic	plumber, man, human, wrench
ğŸ‘©â€ğŸ”¬	woman_scientist	biologist, chemist, engineer, physicist, woman, human
ğŸ‘¨â€ğŸ”¬	man_scientist	biologist, chemist, engineer, physicist, man, human
ğŸ‘©â€ğŸ¨	woman_artist	painter, woman, human
ğŸ‘¨â€ğŸ¨	man_artist	painter, man, human
ğŸ‘©â€ğŸš’	woman_firefighter	fireman, woman, human
ğŸ‘¨â€ğŸš’	man_firefighter	fireman, man, human
ğŸ‘©â€âœˆï¸	woman_pilot	aviator, plane, woman, human
ğŸ‘¨â€âœˆï¸	man_pilot	aviator, plane, man, human
ğŸ‘©â€ğŸš€	woman_astronaut	space, rocket, woman, human
ğŸ‘¨â€ğŸš€	man_astronaut	space, rocket, man, human
ğŸ‘©â€âš–ï¸	woman_judge	justice, court, woman, human
ğŸ‘¨â€âš–ï¸	man_judge	justice, court, man, human
ğŸ¤¶	mrs_claus	woman, female, xmas, mother christmas
ğŸ…	santa	festival, man, male, xmas, father christmas
ğŸ§™â€â™€ï¸	sorceress	woman, female, mage, witch
ğŸ§™â€â™‚ï¸	wizard	man, male, mage, sorcerer
ğŸ§â€â™€ï¸	woman_elf	woman, female
ğŸ§â€â™‚ï¸	man_elf	man, male
ğŸ§›â€â™€ï¸	woman_vampire	woman, female
ğŸ§›â€â™‚ï¸	man_vampire	man, male, dracula
ğŸ§Ÿâ€â™€ï¸	woman_zombie	woman, female, undead, walking dead
ğŸ§Ÿâ€â™‚ï¸	man_zombie	man, male, dracula, undead, walking dead
ğŸ§â€â™€ï¸	woman_genie	woman, female
ğŸ§â€â™‚ï¸	man_genie	man, male
ğŸ§œâ€â™€ï¸	mermaid	woman, female, merwoman, ariel
ğŸ§œâ€â™‚ï¸	merman	man, male, triton
ğŸ§šâ€â™€ï¸	woman_fairy	woman, female
ğŸ§šâ€â™‚ï¸	man_fairy	man, male
ğŸ‘¼	angel	heaven, wings, halo
ğŸ¤°	pregnant_woman	baby
ğŸ¤±	breastfeeding	nursing, baby
ğŸ‘¸	princess	girl, woman, female, blond, crown, royal, queen
ğŸ¤´	prince	boy, man, male, crown, royal, king
ğŸ‘°	bride_with_veil	couple, marriage, wedding, woman, bride
ğŸ¤µ	man_in_tuxedo	couple, marriage, wedding, groom
ğŸƒâ€â™€ï¸	running_woman	woman, walking, exercise, race, running, female
ğŸƒ	running_man	man, walking, exercise, race, running
ğŸš¶â€â™€ï¸	walking_woman	human, feet, steps, woman, female
ğŸš¶	walking_man	human, feet, steps
ğŸ’ƒ	dancer	female, girl, woman, fun
ğŸ•º	man_dancing	male, boy, fun, dancer
ğŸ‘¯	dancing_women	female, bunny, women, girls
ğŸ‘¯â€â™‚ï¸	dancing_men	male, bunny, men, boys
ğŸ‘«	couple	pair, people, human, love, date, dating, like, affection, valentines, marriage
ğŸ‘¬	two_men_holding_hands	pair, couple, love, like, bromance, friendship, people, human
ğŸ‘­	two_women_holding_hands	pair, friendship, couple, love, like, female, people, human
ğŸ™‡â€â™€ï¸	bowing_woman	woman, female, girl
ğŸ™‡	bowing_man	man, male, boy
ğŸ¤¦	man_facepalming	man, male, boy, disbelief
ğŸ¤¦â€â™€ï¸	woman_facepalming	woman, female, girl, disbelief
ğŸ¤·	woman_shrugging	woman, female, girl, confused, indifferent, doubt
ğŸ¤·â€â™‚ï¸	man_shrugging	man, male, boy, confused, indifferent, doubt
ğŸ’	tipping_hand_woman	female, girl, woman, human, information
ğŸ’â€â™‚ï¸	tipping_hand_man	male, boy, man, human, information
ğŸ™…	no_good_woman	female, girl, woman, nope
ğŸ™…â€â™‚ï¸	no_good_man	male, boy, man, nope
ğŸ™†	ok_woman	women, girl, female, pink, human, woman
ğŸ™†â€â™‚ï¸	ok_man	men, boy, male, blue, human, man
ğŸ™‹	raising_hand_woman	female, girl, woman
ğŸ™‹â€â™‚ï¸	raising_hand_man	male, boy, man
ğŸ™	pouting_woman	female, girl, woman
ğŸ™â€â™‚ï¸	pouting_man	male, boy, man
ğŸ™	frowning_woman	female, girl, woman, sad, depressed, discouraged, unhappy
ğŸ™â€â™‚ï¸	frowning_man	male, boy, man, sad, depressed, discouraged, unhappy
ğŸ’‡	haircut_woman	female, girl, woman
ğŸ’‡â€â™‚ï¸	haircut_man	male, boy, man
ğŸ’†	massage_woman	female, girl, woman, head
ğŸ’†â€â™‚ï¸	massage_man	male, boy, man, head
ğŸ§–â€â™€ï¸	woman_in_steamy_room	female, woman, spa, steamroom, sauna
ğŸ§–â€â™‚ï¸	man_in_steamy_room	male, man, spa, steamroom, sauna
ğŸ’‘	couple_with_heart_woman_man	pair, love, like, affection, human, dating, valentines, marriage
ğŸ‘©â€â¤ï¸â€ğŸ‘©	couple_with_heart_woman_woman	pair, love, like, affection, human, dating, valentines, marriage
ğŸ‘¨â€â¤ï¸â€ğŸ‘¨	couple_with_heart_man_man	pair, love, like, affection, human, dating, valentines, marriage
ğŸ’	couplekiss_man_woman	pair, valentines, love, like, dating, marriage
ğŸ‘©â€â¤ï¸â€ğŸ’‹â€ğŸ‘©	couplekiss_woman_woman	pair, valentines, love, like, dating, marriage
ğŸ‘¨â€â¤ï¸â€ğŸ’‹â€ğŸ‘¨	couplekiss_man_man	pair, valentines, love, like, dating, marriage
ğŸ‘ª	family_man_woman_boy	home, parents, child, mom, dad, father, mother, people, human
ğŸ‘¨â€ğŸ‘©â€ğŸ‘§	family_man_woman_girl	home, parents, people, human, child
ğŸ‘¨â€ğŸ‘©â€ğŸ‘§â€ğŸ‘¦	family_man_woman_girl_boy	home, parents, people, human, children
ğŸ‘¨â€ğŸ‘©â€ğŸ‘¦â€ğŸ‘¦	family_man_woman_boy_boy	home, parents, people, human, children
ğŸ‘¨â€ğŸ‘©â€ğŸ‘§â€ğŸ‘§	family_man_woman_girl_girl	home, parents, people, human, children
ğŸ‘©â€ğŸ‘©â€ğŸ‘¦	family_woman_woman_boy	home, parents, people, human, children
ğŸ‘©â€ğŸ‘©â€ğŸ‘§	family_woman_woman_girl	home, parents, people, human, children
ğŸ‘©â€ğŸ‘©â€ğŸ‘§â€ğŸ‘¦	family_woman_woman_girl_boy	home, parents, people, human, children
ğŸ‘©â€ğŸ‘©â€ğŸ‘¦â€ğŸ‘¦	family_woman_woman_boy_boy	home, parents, people, human, children
ğŸ‘©â€ğŸ‘©â€ğŸ‘§â€ğŸ‘§	family_woman_woman_girl_girl	home, parents, people, human, children
ğŸ‘¨â€ğŸ‘¨â€ğŸ‘¦	family_man_man_boy	home, parents, people, human, children
ğŸ‘¨â€ğŸ‘¨â€ğŸ‘§	family_man_man_girl	home, parents, people, human, children
ğŸ‘¨â€ğŸ‘¨â€ğŸ‘§â€ğŸ‘¦	family_man_man_girl_boy	home, parents, people, human, children
ğŸ‘¨â€ğŸ‘¨â€ğŸ‘¦â€ğŸ‘¦	family_man_man_boy_boy	home, parents, people, human, children
ğŸ‘¨â€ğŸ‘¨â€ğŸ‘§â€ğŸ‘§	family_man_man_girl_girl	home, parents, people, human, children
ğŸ‘©â€ğŸ‘¦	family_woman_boy	home, parent, people, human, child
ğŸ‘©â€ğŸ‘§	family_woman_girl	home, parent, people, human, child
ğŸ‘©â€ğŸ‘§â€ğŸ‘¦	family_woman_girl_boy	home, parent, people, human, children
ğŸ‘©â€ğŸ‘¦â€ğŸ‘¦	family_woman_boy_boy	home, parent, people, human, children
ğŸ‘©â€ğŸ‘§â€ğŸ‘§	family_woman_girl_girl	home, parent, people, human, children
ğŸ‘¨â€ğŸ‘¦	family_man_boy	home, parent, people, human, child
ğŸ‘¨â€ğŸ‘§	family_man_girl	home, parent, people, human, child
ğŸ‘¨â€ğŸ‘§â€ğŸ‘¦	family_man_girl_boy	home, parent, people, human, children
ğŸ‘¨â€ğŸ‘¦â€ğŸ‘¦	family_man_boy_boy	home, parent, people, human, children
ğŸ‘¨â€ğŸ‘§â€ğŸ‘§	family_man_girl_girl	home, parent, people, human, children
ğŸ§¥	coat	jacket
ğŸ‘š	womans_clothes	fashion, shopping_bags, female
ğŸ‘•	tshirt	fashion, cloth, casual, shirt, tee
ğŸ‘–	jeans	fashion, shopping
ğŸ‘”	necktie	shirt, suitup, formal, fashion, cloth, business
ğŸ‘—	dress	clothes, fashion, shopping
ğŸ‘™	bikini	swimming, female, woman, girl, fashion, beach, summer
ğŸ‘˜	kimono	dress, fashion, women, female, japanese
ğŸ’„	lipstick	female, girl, fashion, woman
ğŸ’‹	kiss	face, lips, love, like, affection, valentines
ğŸ‘£	footprints	feet, tracking, walking, beach
ğŸ‘ 	high_heel	fashion, shoes, female, pumps, stiletto
ğŸ‘¡	sandal	shoes, fashion, flip flops
ğŸ‘¢	boot	shoes, fashion
ğŸ‘	mans_shoe	fashion, male
ğŸ‘Ÿ	athletic_shoe	shoes, sports, sneakers
ğŸ§¦	socks	stockings, clothes
ğŸ§¤	gloves	hands, winter, clothes
ğŸ§£	scarf	neck, winter, clothes
ğŸ‘’	womans_hat	fashion, accessories, female, lady, spring
ğŸ©	tophat	magic, gentleman, classy, circus
ğŸ§¢	billed_hat	cap, baseball
â›‘	rescue_worker_helmet	construction, build
ğŸ“	mortar_board	school, college, degree, university, graduation, cap, hat, legal, learn, education
ğŸ‘‘	crown	king, kod, leader, royalty, lord
ğŸ’	school_satchel	student, education, bag, backpack
ğŸ‘	pouch	bag, accessories, shopping
ğŸ‘›	purse	fashion, accessories, money, sales, shopping
ğŸ‘œ	handbag	fashion, accessory, accessories, shopping
ğŸ’¼	briefcase	business, documents, work, law, legal, job, career
ğŸ‘“	eyeglasses	fashion, accessories, eyesight, nerdy, dork, geek
ğŸ•¶	dark_sunglasses	face, cool, accessories
ğŸ’	ring	wedding, propose, marriage, valentines, diamond, fashion, jewelry, gem, engagement
ğŸŒ‚	closed_umbrella	weather, rain, drizzle
ğŸ¶	dog	animal, friend, nature, woof, puppy, pet, faithful
ğŸ±	cat	animal, meow, nature, pet, kitten
ğŸ­	mouse	animal, nature, cheese_wedge, rodent
ğŸ¹	hamster	animal, nature
ğŸ°	rabbit	animal, nature, pet, spring, magic, bunny
ğŸ¦Š	fox_face	animal, nature, face
ğŸ»	bear	animal, nature, wild
ğŸ¼	panda_face	animal, nature, panda
ğŸ¨	koala	animal, nature
ğŸ¯	tiger	animal, cat, danger, wild, nature, roar
ğŸ¦	lion	animal, nature
ğŸ®	cow	beef, ox, animal, nature, moo, milk
ğŸ·	pig	animal, oink, nature
ğŸ½	pig_nose	animal, oink
ğŸ¸	frog	animal, nature, croak, toad
ğŸ¦‘	squid	animal, nature, ocean, sea
ğŸ™	octopus	animal, creature, ocean, sea, nature, beach
ğŸ¦	shrimp	animal, ocean, nature, seafood
ğŸµ	monkey_face	animal, nature, circus
ğŸ¦	gorilla	animal, nature, circus
ğŸ™ˆ	see_no_evil	monkey, animal, nature, haha
ğŸ™‰	hear_no_evil	animal, monkey, nature
ğŸ™Š	speak_no_evil	monkey, animal, nature, omg
ğŸ’	monkey	animal, nature, banana, circus
ğŸ”	chicken	animal, cluck, nature, bird
ğŸ§	penguin	animal, nature
ğŸ¦	bird	animal, nature, fly, tweet, spring
ğŸ¤	baby_chick	animal, chicken, bird
ğŸ£	hatching_chick	animal, chicken, egg, born, baby, bird
ğŸ¥	hatched_chick	animal, chicken, baby, bird
ğŸ¦†	duck	animal, nature, bird, mallard
ğŸ¦…	eagle	animal, nature, bird
ğŸ¦‰	owl	animal, nature, bird, hoot
ğŸ¦‡	bat	animal, nature, blind, vampire
ğŸº	wolf	animal, nature, wild
ğŸ—	boar	animal, nature
ğŸ´	horse	animal, brown, nature
ğŸ¦„	unicorn	animal, nature, mystical
ğŸ	honeybee	animal, insect, nature, bug, spring, honey
ğŸ›	bug	animal, insect, nature, worm
ğŸ¦‹	butterfly	animal, insect, nature, caterpillar
ğŸŒ	snail	slow, animal, shell
ğŸ	beetle	animal, insect, nature, ladybug
ğŸœ	ant	animal, insect, nature, bug
ğŸ¦—	grasshopper	animal, cricket, chirp
ğŸ•·	spider	animal, arachnid
ğŸ¦‚	scorpion	animal, arachnid
ğŸ¦€	crab	animal, crustacean
ğŸ	snake	animal, evil, nature, hiss, python
ğŸ¦	lizard	animal, nature, reptile
ğŸ¦–	t-rex	animal, nature, dinosaur, tyrannosaurus, extinct
ğŸ¦•	sauropod	animal, nature, dinosaur, brachiosaurus, brontosaurus, diplodocus, extinct
ğŸ¢	turtle	animal, slow, nature, tortoise
ğŸ 	tropical_fish	animal, swim, ocean, beach, nemo
ğŸŸ	fish	animal, food, nature
ğŸ¡	blowfish	animal, nature, food, sea, ocean
ğŸ¬	dolphin	animal, nature, fish, sea, ocean, flipper, fins, beach
ğŸ¦ˆ	shark	animal, nature, fish, sea, ocean, jaws, fins, beach
ğŸ³	whale	animal, nature, sea, ocean
ğŸ‹	whale2	animal, nature, sea, ocean
ğŸŠ	crocodile	animal, nature, reptile, lizard, alligator
ğŸ†	leopard	animal, nature
ğŸ¦“	zebra	animal, nature, stripes, safari
ğŸ…	tiger2	animal, nature, roar
ğŸƒ	water_buffalo	animal, nature, ox, cow
ğŸ‚	ox	animal, cow, beef
ğŸ„	cow2	beef, ox, animal, nature, moo, milk
ğŸ¦Œ	deer	animal, nature, horns, venison
ğŸª	dromedary_camel	animal, hot, desert, hump
ğŸ«	camel	animal, nature, hot, desert, hump
ğŸ¦’	giraffe	animal, nature, spots, safari
ğŸ˜	elephant	animal, nature, nose, th, circus
ğŸ¦	rhinoceros	animal, nature, horn
ğŸ	goat	animal, nature
ğŸ	ram	animal, sheep, nature
ğŸ‘	sheep	animal, nature, wool, shipit
ğŸ	racehorse	animal, gamble, luck
ğŸ–	pig2	animal, nature
ğŸ€	rat	animal, mouse, rodent
ğŸ	mouse2	animal, nature, rodent
ğŸ“	rooster	animal, nature, chicken
ğŸ¦ƒ	turkey	animal, bird
ğŸ•Š	dove	animal, bird
ğŸ•	dog2	animal, nature, friend, doge, pet, faithful
ğŸ©	poodle	dog, animal, 101, nature, pet
ğŸˆ	cat2	animal, meow, pet, cats
ğŸ‡	rabbit2	animal, nature, pet, magic, spring
ğŸ¿	chipmunk	animal, nature, rodent, squirrel
ğŸ¦”	hedgehog	animal, nature, spiny
ğŸ¾	paw_prints	animal, tracking, footprints, dog, cat, pet, feet
ğŸ‰	dragon	animal, myth, nature, chinese, green
ğŸ²	dragon_face	animal, myth, nature, chinese, green
ğŸŒµ	cactus	vegetable, plant, nature
ğŸ„	christmas_tree	festival, vacation, december, xmas, celebration
ğŸŒ²	evergreen_tree	plant, nature
ğŸŒ³	deciduous_tree	plant, nature
ğŸŒ´	palm_tree	plant, vegetable, nature, summer, beach, mojito, tropical
ğŸŒ±	seedling	plant, nature, grass, lawn, spring
ğŸŒ¿	herb	vegetable, plant, medicine, weed, grass, lawn
â˜˜	shamrock	vegetable, plant, nature, irish, clover
ğŸ€	four_leaf_clover	vegetable, plant, nature, lucky, irish
ğŸ	bamboo	plant, nature, vegetable, panda, pine_decoration
ğŸ‹	tanabata_tree	plant, nature, branch, summer
ğŸƒ	leaves	nature, plant, tree, vegetable, grass, lawn, spring
ğŸ‚	fallen_leaf	nature, plant, vegetable, leaves
ğŸ	maple_leaf	nature, plant, vegetable, ca, fall
ğŸŒ¾	ear_of_rice	nature, plant
ğŸŒº	hibiscus	plant, vegetable, flowers, beach
ğŸŒ»	sunflower	nature, plant, fall
ğŸŒ¹	rose	flowers, valentines, love, spring
ğŸ¥€	wilted_flower	plant, nature, flower
ğŸŒ·	tulip	flowers, plant, nature, summer, spring
ğŸŒ¼	blossom	nature, flowers, yellow
ğŸŒ¸	cherry_blossom	nature, plant, spring, flower
ğŸ’	bouquet	flowers, nature, spring
ğŸ„	mushroom	plant, vegetable
ğŸŒ°	chestnut	food, squirrel
ğŸƒ	jack_o_lantern	halloween, light, pumpkin, creepy, fall
ğŸš	shell	nature, sea, beach
ğŸ•¸	spider_web	animal, insect, arachnid, silk
ğŸŒ	earth_americas	globe, world, USA, international
ğŸŒ	earth_africa	globe, world, international
ğŸŒ	earth_asia	globe, world, east, international
ğŸŒ•	full_moon	nature, yellow, twilight, planet, space, night, evening, sleep
ğŸŒ–	waning_gibbous_moon	nature, twilight, planet, space, night, evening, sleep, waxing_gibbous_moon
ğŸŒ—	last_quarter_moon	nature, twilight, planet, space, night, evening, sleep
ğŸŒ˜	waning_crescent_moon	nature, twilight, planet, space, night, evening, sleep
ğŸŒ‘	new_moon	nature, twilight, planet, space, night, evening, sleep
ğŸŒ’	waxing_crescent_moon	nature, twilight, planet, space, night, evening, sleep
ğŸŒ“	first_quarter_moon	nature, twilight, planet, space, night, evening, sleep
ğŸŒ”	waxing_gibbous_moon	nature, night, sky, gray, twilight, planet, space, evening, sleep
ğŸŒš	new_moon_with_face	nature, twilight, planet, space, night, evening, sleep
ğŸŒ	full_moon_with_face	nature, twilight, planet, space, night, evening, sleep
ğŸŒ›	first_quarter_moon_with_face	nature, twilight, planet, space, night, evening, sleep
ğŸŒœ	last_quarter_moon_with_face	nature, twilight, planet, space, night, evening, sleep
ğŸŒ	sun_with_face	nature, morning, sky
ğŸŒ™	crescent_moon	night, sleep, sky, evening, magic
â­	star	night, yellow
ğŸŒŸ	star2	night, sparkle, awesome, good, magic
ğŸ’«	dizzy	star, sparkle, shoot, magic
âœ¨	sparkles	stars, shine, shiny, cool, awesome, good, magic
â˜„	comet	space
â˜€ï¸	sunny	weather, nature, brightness, summer, beach, spring
ğŸŒ¤	sun_behind_small_cloud	weather
â›…	partly_sunny	weather, nature, cloudy, morning, fall, spring
ğŸŒ¥	sun_behind_large_cloud	weather
ğŸŒ¦	sun_behind_rain_cloud	weather
â˜ï¸	cloud	weather, sky
ğŸŒ§	cloud_with_rain	weather
â›ˆ	cloud_with_lightning_and_rain	weather, lightning
ğŸŒ©	cloud_with_lightning	weather, thunder
âš¡	zap	thunder, weather, lightning bolt, fast
ğŸ”¥	fire	hot, cook, flame
ğŸ’¥	boom	bomb, explode, explosion, collision, blown
â„ï¸	snowflake	winter, season, cold, weather, christmas, xmas
ğŸŒ¨	cloud_with_snow	weather
â›„	snowman	winter, season, cold, weather, christmas, xmas, frozen, without_snow
â˜ƒ	snowman_with_snow	winter, season, cold, weather, christmas, xmas, frozen
ğŸŒ¬	wind_face	gust, air
ğŸ’¨	dash	wind, air, fast, shoo, fart, smoke, puff
ğŸŒª	tornado	weather, cyclone, twister
ğŸŒ«	fog	weather
â˜‚	open_umbrella	weather, spring
â˜”	umbrella	rainy, weather, spring
ğŸ’§	droplet	water, drip, faucet, spring
ğŸ’¦	sweat_drops	water, drip, oops
ğŸŒŠ	ocean	sea, water, wave, nature, tsunami, disaster
ğŸ	green_apple	fruit, nature
ğŸ	apple	fruit, mac, school
ğŸ	pear	fruit, nature, food
ğŸŠ	tangerine	food, fruit, nature, orange
ğŸ‹	lemon	fruit, nature
ğŸŒ	banana	fruit, food, monkey
ğŸ‰	watermelon	fruit, food, picnic, summer
ğŸ‡	grapes	fruit, food, wine
ğŸ“	strawberry	fruit, food, nature
ğŸˆ	melon	fruit, nature, food
ğŸ’	cherries	food, fruit
ğŸ‘	peach	fruit, nature, food
ğŸ	pineapple	fruit, nature, food
ğŸ¥¥	coconut	fruit, nature, food, palm
ğŸ¥	kiwi_fruit	fruit, food
ğŸ¥‘	avocado	fruit, food
ğŸ¥¦	broccoli	fruit, food, vegetable
ğŸ…	tomato	fruit, vegetable, nature, food
ğŸ†	eggplant	vegetable, nature, food, aubergine
ğŸ¥’	cucumber	fruit, food, pickle
ğŸ¥•	carrot	vegetable, food, orange
ğŸŒ¶	hot_pepper	food, spicy, chilli, chili
ğŸ¥”	potato	food, tuber, vegatable, starch
ğŸŒ½	corn	food, vegetable, plant
ğŸ 	sweet_potato	food, nature
ğŸ¥œ	peanuts	food, nut
ğŸ¯	honey_pot	bees, sweet, kitchen
ğŸ¥	croissant	food, bread, french
ğŸ	bread	food, wheat, breakfast, toast
ğŸ¥–	baguette_bread	food, bread, french
ğŸ¥¨	pretzel	food, bread, twisted
ğŸ§€	cheese	food, chadder
ğŸ¥š	egg	food, chicken, breakfast
ğŸ¥“	bacon	food, breakfast, pork, pig, meat
ğŸ¥©	steak	food, cow, meat, cut, chop, lambchop, porkchop
ğŸ¥	pancakes	food, breakfast, flapjacks, hotcakes
ğŸ—	poultry_leg	food, meat, drumstick, bird, chicken, turkey
ğŸ–	meat_on_bone	good, food, drumstick
ğŸ¤	fried_shrimp	food, animal, appetizer, summer
ğŸ³	fried_egg	food, breakfast, kitchen, egg
ğŸ”	hamburger	meat, fast food, beef, cheeseburger, mcdonalds, burger king
ğŸŸ	fries	chips, snack, fast food
ğŸ¥™	stuffed_flatbread	food, flatbread, stuffed, gyro
ğŸŒ­	hotdog	food, frankfurter
ğŸ•	pizza	food, party
ğŸ¥ª	sandwich	food, lunch, bread
ğŸ¥«	canned_food	food, soup
ğŸ	spaghetti	food, italian, noodle
ğŸŒ®	taco	food, mexican
ğŸŒ¯	burrito	food, mexican
ğŸ¥—	green_salad	food, healthy, lettuce
ğŸ¥˜	shallow_pan_of_food	food, cooking, casserole, paella
ğŸœ	ramen	food, japanese, noodle, chopsticks
ğŸ²	stew	food, meat, soup
ğŸ¥	fish_cake	food, japan, sea, beach, narutomaki, pink, swirl, kamaboko, surimi, ramen
ğŸ¥ 	fortune_cookie	food, prophecy
ğŸ£	sushi	food, fish, japanese, rice
ğŸ±	bento	food, japanese, box
ğŸ›	curry	food, spicy, hot, indian
ğŸ™	rice_ball	food, japanese
ğŸš	rice	food, china, asian
ğŸ˜	rice_cracker	food, japanese
ğŸ¢	oden	food, japanese
ğŸ¡	dango	food, dessert, sweet, japanese, barbecue, meat
ğŸ§	shaved_ice	hot, dessert, summer
ğŸ¨	ice_cream	food, hot, dessert
ğŸ¦	icecream	food, hot, dessert, summer
ğŸ¥§	pie	food, dessert, pastry
ğŸ°	cake	food, dessert
ğŸ‚	birthday	food, dessert, cake
ğŸ®	custard	dessert, food
ğŸ¬	candy	snack, dessert, sweet, lolly
ğŸ­	lollipop	food, snack, candy, sweet
ğŸ«	chocolate_bar	food, snack, dessert, sweet
ğŸ¿	popcorn	food, movie theater, films, snack
ğŸ¥Ÿ	dumpling	food, empanada, pierogi, potsticker
ğŸ©	doughnut	food, dessert, snack, sweet, donut
ğŸª	cookie	food, snack, oreo, chocolate, sweet, dessert
ğŸ¥›	milk_glass	beverage, drink, cow
ğŸº	beer	relax, beverage, drink, drunk, party, pub, summer, alcohol, booze
ğŸ»	beers	relax, beverage, drink, drunk, party, pub, summer, alcohol, booze
ğŸ¥‚	clinking_glasses	beverage, drink, party, alcohol, celebrate, cheers, wine, champagne, toast
ğŸ·	wine_glass	drink, beverage, drunk, alcohol, booze
ğŸ¥ƒ	tumbler_glass	drink, beverage, drunk, alcohol, liquor, booze, bourbon, scotch, whisky, glass, shot
ğŸ¸	cocktail	drink, drunk, alcohol, beverage, booze, mojito
ğŸ¹	tropical_drink	beverage, cocktail, summer, beach, alcohol, booze, mojito
ğŸ¾	champagne	drink, wine, bottle, celebration
ğŸ¶	sake	wine, drink, drunk, beverage, japanese, alcohol, booze
ğŸµ	tea	drink, bowl, breakfast, green, british
ğŸ¥¤	cup_with_straw	drink, soda
â˜•	coffee	beverage, caffeine, latte, espresso
ğŸ¼	baby_bottle	food, container, milk
ğŸ¥„	spoon	cutlery, kitchen, tableware
ğŸ´	fork_and_knife	cutlery, kitchen
ğŸ½	plate_with_cutlery	food, eat, meal, lunch, dinner, restaurant
ğŸ¥£	bowl_with_spoon	food, breakfast, cereal, oatmeal, porridge
ğŸ¥¡	takeout_box	food, leftovers
ğŸ¥¢	chopsticks	food
âš½	soccer	sports, football
ğŸ€	basketball	sports, balls, NBA
ğŸˆ	football	sports, balls, NFL
âš¾	baseball	sports, balls
ğŸ¾	tennis	sports, balls, green
ğŸ	volleyball	sports, balls
ğŸ‰	rugby_football	sports, team
ğŸ±	8ball	pool, hobby, game, luck, magic
â›³	golf	sports, business, flag, hole, summer
ğŸŒï¸â€â™€ï¸	golfing_woman	sports, business, woman, female
ğŸŒ	golfing_man	sports, business
ğŸ“	ping_pong	sports, pingpong
ğŸ¸	badminton	sports
ğŸ¥…	goal_net	sports
ğŸ’	ice_hockey	sports
ğŸ‘	field_hockey	sports
ğŸ	cricket	sports
ğŸ¿	ski	sports, winter, cold, snow
â›·	skier	sports, winter, snow
ğŸ‚	snowboarder	sports, winter
ğŸ¤º	person_fencing	sports, fencing, sword
ğŸ¤¼â€â™€ï¸	women_wrestling	sports, wrestlers
ğŸ¤¼â€â™‚ï¸	men_wrestling	sports, wrestlers
ğŸ¤¸â€â™€ï¸	woman_cartwheeling	gymnastics
ğŸ¤¸â€â™‚ï¸	man_cartwheeling	gymnastics
ğŸ¤¾â€â™€ï¸	woman_playing_handball	sports
ğŸ¤¾â€â™‚ï¸	man_playing_handball	sports
â›¸	ice_skate	sports
ğŸ¥Œ	curling_stone	sports
ğŸ›·	sled	sleigh, luge, toboggan
ğŸ¹	bow_and_arrow	sports
ğŸ£	fishing_pole_and_fish	food, hobby, summer
ğŸ¥Š	boxing_glove	sports, fighting
ğŸ¥‹	martial_arts_uniform	judo, karate, taekwondo
ğŸš£â€â™€ï¸	rowing_woman	sports, hobby, water, ship, woman, female
ğŸš£	rowing_man	sports, hobby, water, ship
ğŸ§—â€â™€ï¸	climbing_woman	sports, hobby, woman, female, rock
ğŸ§—â€â™‚ï¸	climbing_man	sports, hobby, man, male, rock
ğŸŠâ€â™€ï¸	swimming_woman	sports, exercise, human, athlete, water, summer, woman, female
ğŸŠ	swimming_man	sports, exercise, human, athlete, water, summer
ğŸ¤½â€â™€ï¸	woman_playing_water_polo	sports, pool
ğŸ¤½â€â™‚ï¸	man_playing_water_polo	sports, pool
ğŸ§˜â€â™€ï¸	woman_in_lotus_position	woman, female, meditation, yoga, serenity, zen, mindfulness
ğŸ§˜â€â™‚ï¸	man_in_lotus_position	man, male, meditation, yoga, serenity, zen, mindfulness
ğŸ„â€â™€ï¸	surfing_woman	sports, ocean, sea, summer, beach, woman, female
ğŸ„	surfing_man	sports, ocean, sea, summer, beach
ğŸ›€	bath	clean, shower, bathroom
â›¹ï¸â€â™€ï¸	basketball_woman	sports, human, woman, female
â›¹	basketball_man	sports, human
ğŸ‹ï¸â€â™€ï¸	weight_lifting_woman	sports, training, exercise, woman, female
ğŸ‹	weight_lifting_man	sports, training, exercise
ğŸš´â€â™€ï¸	biking_woman	sports, bike, exercise, hipster, woman, female
ğŸš´	biking_man	sports, bike, exercise, hipster
ğŸšµâ€â™€ï¸	mountain_biking_woman	transportation, sports, human, race, bike, woman, female
ğŸšµ	mountain_biking_man	transportation, sports, human, race, bike
ğŸ‡	horse_racing	animal, betting, competition, gambling, luck
ğŸ•´	business_suit_levitating	suit, business, levitate, hover, jump
ğŸ†	trophy	win, award, contest, place, ftw, ceremony
ğŸ½	running_shirt_with_sash	play, pageant
ğŸ…	medal_sports	award, winning
ğŸ–	medal_military	award, winning, army
ğŸ¥‡	1st_place_medal	award, winning, first
ğŸ¥ˆ	2nd_place_medal	award, second
ğŸ¥‰	3rd_place_medal	award, third
ğŸ—	reminder_ribbon	sports, cause, support, awareness
ğŸµ	rosette	flower, decoration, military
ğŸ«	ticket	event, concert, pass
ğŸŸ	tickets	sports, concert, entrance
ğŸ­	performing_arts	acting, theater, drama
ğŸ¨	art	design, paint, draw, colors
ğŸª	circus_tent	festival, carnival, party
ğŸ¤¹â€â™€ï¸	woman_juggling	juggle, balance, skill, multitask
ğŸ¤¹â€â™‚ï¸	man_juggling	juggle, balance, skill, multitask
ğŸ¤	microphone	sound, music, PA, sing, talkshow
ğŸ§	headphones	music, score, gadgets
ğŸ¼	musical_score	treble, clef, compose
ğŸ¹	musical_keyboard	piano, instrument, compose
ğŸ¥	drum	music, instrument, drumsticks, snare
ğŸ·	saxophone	music, instrument, jazz, blues
ğŸº	trumpet	music, brass
ğŸ¸	guitar	music, instrument
ğŸ»	violin	music, instrument, orchestra, symphony
ğŸ¬	clapper	movie, film, record
ğŸ®	video_game	play, console, PS4, controller
ğŸ‘¾	space_invader	game, arcade, play
ğŸ¯	dart	game, play, bar, target, bullseye
ğŸ²	game_die	dice, random, tabletop, play, luck
ğŸ°	slot_machine	bet, gamble, vegas, fruit machine, luck, casino
ğŸ³	bowling	sports, fun, play
ğŸš—	red_car	red, transportation, vehicle
ğŸš•	taxi	uber, vehicle, cars, transportation
ğŸš™	blue_car	transportation, vehicle
ğŸšŒ	bus	car, vehicle, transportation
ğŸš	trolleybus	bart, transportation, vehicle
ğŸ	racing_car	sports, race, fast, formula, f1
ğŸš“	police_car	vehicle, cars, transportation, law, legal, enforcement
ğŸš‘	ambulance	health, 911, hospital
ğŸš’	fire_engine	transportation, cars, vehicle
ğŸš	minibus	vehicle, car, transportation
ğŸšš	truck	cars, transportation
ğŸš›	articulated_lorry	vehicle, cars, transportation, express
ğŸšœ	tractor	vehicle, car, farming, agriculture
ğŸ›´	kick_scooter	vehicle, kick, razor
ğŸ	motorcycle	race, sports, fast
ğŸš²	bike	sports, bicycle, exercise, hipster
ğŸ›µ	motor_scooter	vehicle, vespa, sasha
ğŸš¨	rotating_light	police, ambulance, 911, emergency, alert, error, pinged, law, legal
ğŸš”	oncoming_police_car	vehicle, law, legal, enforcement, 911
ğŸš	oncoming_bus	vehicle, transportation
ğŸš˜	oncoming_automobile	car, vehicle, transportation
ğŸš–	oncoming_taxi	vehicle, cars, uber
ğŸš¡	aerial_tramway	transportation, vehicle, ski
ğŸš 	mountain_cableway	transportation, vehicle, ski
ğŸšŸ	suspension_railway	vehicle, transportation
ğŸšƒ	railway_car	transportation, vehicle
ğŸš‹	train	transportation, vehicle, carriage, public, travel
ğŸš	monorail	transportation, vehicle
ğŸš„	bullettrain_side	transportation, vehicle
ğŸš…	bullettrain_front	transportation, vehicle, speed, fast, public, travel
ğŸšˆ	light_rail	transportation, vehicle
ğŸš	mountain_railway	transportation, vehicle
ğŸš‚	steam_locomotive	transportation, vehicle, train
ğŸš†	train2	transportation, vehicle
ğŸš‡	metro	transportation, blue-square, mrt, underground, tube
ğŸšŠ	tram	transportation, vehicle
ğŸš‰	station	transportation, vehicle, public
ğŸ›¸	flying_saucer	transportation, vehicle, ufo
ğŸš	helicopter	transportation, vehicle, fly
ğŸ›©	small_airplane	flight, transportation, fly, vehicle
âœˆï¸	airplane	vehicle, transportation, flight, fly
ğŸ›«	flight_departure	airport, flight, landing
ğŸ›¬	flight_arrival	airport, flight, boarding
â›µ	sailboat	ship, summer, transportation, water, sailing
ğŸ›¥	motor_boat	ship
ğŸš¤	speedboat	ship, transportation, vehicle, summer
â›´	ferry	boat, ship, yacht
ğŸ›³	passenger_ship	yacht, cruise, ferry
ğŸš€	rocket	launch, ship, staffmode, NASA, outer space, outer_space, fly
ğŸ›°	artificial_satellite	communication, gps, orbit, spaceflight, NASA, ISS
ğŸ’º	seat	sit, airplane, transport, bus, flight, fly
ğŸ›¶	canoe	boat, paddle, water, ship
âš“	anchor	ship, ferry, sea, boat
ğŸš§	construction	wip, progress, caution, warning
â›½	fuelpump	gas station, petroleum
ğŸš	busstop	transportation, wait
ğŸš¦	vertical_traffic_light	transportation, driving
ğŸš¥	traffic_light	transportation, signal
ğŸ	checkered_flag	contest, finishline, race, gokart
ğŸš¢	ship	transportation, titanic, deploy
ğŸ¡	ferris_wheel	photo, carnival, londoneye
ğŸ¢	roller_coaster	carnival, playground, photo, fun
ğŸ 	carousel_horse	photo, carnival
ğŸ—	building_construction	wip, working, progress
ğŸŒ	foggy	photo, mountain
ğŸ—¼	tokyo_tower	photo, japanese
ğŸ­	factory	building, industry, pollution, smoke
â›²	fountain	photo, summer, water, fresh
ğŸ‘	rice_scene	photo, japan, asia, tsukimi
â›°	mountain	photo, nature, environment
ğŸ”	mountain_snow	photo, nature, environment, winter, cold
ğŸ—»	mount_fuji	photo, mountain, nature, japanese
ğŸŒ‹	volcano	photo, nature, disaster
ğŸ—¾	japan	nation, country, japanese, asia
ğŸ•	camping	photo, outdoors, tent
â›º	tent	photo, camping, outdoors
ğŸ	national_park	photo, environment, nature
ğŸ›£	motorway	road, cupertino, interstate, highway
ğŸ›¤	railway_track	train, transportation
ğŸŒ…	sunrise	morning, view, vacation, photo
ğŸŒ„	sunrise_over_mountains	view, vacation, photo
ğŸœ	desert	photo, warm, saharah
ğŸ–	beach_umbrella	weather, summer, sunny, sand, mojito
ğŸ	desert_island	photo, tropical, mojito
ğŸŒ‡	city_sunrise	photo, good morning, dawn
ğŸŒ†	city_sunset	photo, evening, sky, buildings
ğŸ™	cityscape	photo, night life, urban
ğŸŒƒ	night_with_stars	evening, city, downtown
ğŸŒ‰	bridge_at_night	photo, sanfrancisco
ğŸŒŒ	milky_way	photo, space, stars
ğŸŒ 	stars	night, photo
ğŸ‡	sparkler	stars, night, shine
ğŸ†	fireworks	photo, festival, carnival, congratulations
ğŸŒˆ	rainbow	nature, happy, unicorn_face, photo, sky, spring
ğŸ˜	houses	buildings, photo
ğŸ°	european_castle	building, royalty, history
ğŸ¯	japanese_castle	photo, building
ğŸŸ	stadium	photo, place, sports, concert, venue
ğŸ—½	statue_of_liberty	american, newyork
ğŸ 	house	building, home
ğŸ¡	house_with_garden	home, plant, nature
ğŸš	derelict_house	abandon, evict, broken, building
ğŸ¢	office	building, bureau, work
ğŸ¬	department_store	building, shopping, mall
ğŸ£	post_office	building, envelope, communication
ğŸ¤	european_post_office	building, email
ğŸ¥	hospital	building, health, surgery, doctor
ğŸ¦	bank	building, money, sales, cash, business, enterprise
ğŸ¨	hotel	building, accomodation, checkin
ğŸª	convenience_store	building, shopping, groceries
ğŸ«	school	building, student, education, learn, teach
ğŸ©	love_hotel	like, affection, dating
ğŸ’’	wedding	love, like, affection, couple, marriage, bride, groom
ğŸ›	classical_building	art, culture, history
â›ª	church	building, religion, christ
ğŸ•Œ	mosque	islam, worship, minaret
ğŸ•	synagogue	judaism, worship, temple, jewish
ğŸ•‹	kaaba	mecca, mosque, islam
â›©	shinto_shrine	temple, japan, kyoto
âŒš	watch	time, accessories
ğŸ“±	iphone	technology, apple, gadgets, dial
ğŸ“²	calling	iphone, incoming
ğŸ’»	computer	technology, laptop, screen, display, monitor
âŒ¨	keyboard	technology, computer, type, input, text
ğŸ–¥	desktop_computer	technology, computing, screen
ğŸ–¨	printer	paper, ink
ğŸ–±	computer_mouse	click
ğŸ–²	trackball	technology, trackpad
ğŸ•¹	joystick	game, play
ğŸ—œ	clamp	tool
ğŸ’½	minidisc	technology, record, data, disk, 90s
ğŸ’¾	floppy_disk	oldschool, technology, save, 90s, 80s
ğŸ’¿	cd	technology, dvd, disk, disc, 90s
ğŸ“€	dvd	cd, disk, disc
ğŸ“¼	vhs	record, video, oldschool, 90s, 80s
ğŸ“·	camera	gadgets, photography
ğŸ“¸	camera_flash	photography, gadgets
ğŸ“¹	video_camera	film, record
ğŸ¥	movie_camera	film, record
ğŸ“½	film_projector	video, tape, record, movie
ğŸ	film_strip	movie
ğŸ“	telephone_receiver	technology, communication, dial
â˜ï¸	phone	technology, communication, dial, telephone
ğŸ“Ÿ	pager	bbcall, oldschool, 90s
ğŸ“ 	fax	communication, technology
ğŸ“º	tv	technology, program, oldschool, show, television
ğŸ“»	radio	communication, music, podcast, program
ğŸ™	studio_microphone	sing, recording, artist, talkshow
ğŸš	level_slider	scale
ğŸ›	control_knobs	dial
â±	stopwatch	time, deadline
â²	timer_clock	alarm
â°	alarm_clock	time, wake
ğŸ•°	mantelpiece_clock	time
â³	hourglass_flowing_sand	oldschool, time, countdown
âŒ›	hourglass	time, clock, oldschool, limit, exam, quiz, test
ğŸ“¡	satellite	communication, future, radio, space
ğŸ”‹	battery	power, energy, sustain
ğŸ”Œ	electric_plug	charger, power
ğŸ’¡	bulb	light, electricity, idea
ğŸ”¦	flashlight	dark, camping, sight, night
ğŸ•¯	candle	fire, wax
ğŸ—‘	wastebasket	bin, trash, rubbish, garbage, toss
ğŸ›¢	oil_drum	barrell
ğŸ’¸	money_with_wings	dollar, bills, payment, sale
ğŸ’µ	dollar	money, sales, bill, currency
ğŸ’´	yen	money, sales, japanese, dollar, currency
ğŸ’¶	euro	money, sales, dollar, currency
ğŸ’·	pound	british, sterling, money, sales, bills, uk, england, currency
ğŸ’°	moneybag	dollar, payment, coins, sale
ğŸ’³	credit_card	money, sales, dollar, bill, payment, shopping
ğŸ’	gem	blue, ruby, diamond, jewelry
âš–	balance_scale	law, fairness, weight
ğŸ”§	wrench	tools, diy, ikea, fix, maintainer
ğŸ”¨	hammer	tools, build, create
âš’	hammer_and_pick	tools, build, create
ğŸ› 	hammer_and_wrench	tools, build, create
â›	pick	tools, dig
ğŸ”©	nut_and_bolt	handy, tools, fix
âš™	gear	cog
â›“	chains	lock, arrest
ğŸ”«	gun	violence, weapon, pistol, revolver
ğŸ’£	bomb	boom, explode, explosion, terrorism
ğŸ”ª	hocho	knife, blade, cutlery, kitchen, weapon
ğŸ—¡	dagger	weapon
âš”	crossed_swords	weapon
ğŸ›¡	shield	protection, security
ğŸš¬	smoking	kills, tobacco, cigarette, joint, smoke
â˜ 	skull_and_crossbones	poison, danger, deadly, scary, death, pirate, evil
âš°	coffin	vampire, dead, die, death, rip, graveyard, cemetery, casket, funeral, box
âš±	funeral_urn	dead, die, death, rip, ashes
ğŸº	amphora	vase, jar
ğŸ”®	crystal_ball	disco, party, magic, circus, fortune_teller
ğŸ“¿	prayer_beads	dhikr, religious
ğŸ’ˆ	barber	hair, salon, style
âš—	alembic	distilling, science, experiment, chemistry
ğŸ”­	telescope	stars, space, zoom, science, astronomy
ğŸ”¬	microscope	laboratory, experiment, zoomin, science, study
ğŸ•³	hole	embarrassing
ğŸ’Š	pill	health, medicine, doctor, pharmacy, drug
ğŸ’‰	syringe	health, hospital, drugs, blood, medicine, needle, doctor, nurse
ğŸŒ¡	thermometer	weather, temperature, hot, cold
ğŸ·	label	sale, tag
ğŸ”–	bookmark	favorite, label, save
ğŸš½	toilet	restroom, wc, washroom, bathroom, potty
ğŸš¿	shower	clean, water, bathroom
ğŸ›	bathtub	clean, shower, bathroom
ğŸ”‘	key	lock, door, password
ğŸ—	old_key	lock, door, password
ğŸ›‹	couch_and_lamp	read, chill
ğŸ›Œ	sleeping_bed	bed, rest
ğŸ›	bed	sleep, rest
ğŸšª	door	house, entry, exit
ğŸ›	bellhop_bell	service
ğŸ–¼	framed_picture	photography
ğŸ—º	world_map	location, direction
â›±	parasol_on_ground	weather, summer
ğŸ—¿	moyai	rock, easter island, moai
ğŸ›	shopping	mall, buy, purchase
ğŸ›’	shopping_cart	trolley
ğŸˆ	balloon	party, celebration, birthday, circus
ğŸ	flags	fish, japanese, koinobori, carp, banner
ğŸ€	ribbon	decoration, pink, girl, bowtie
ğŸ	gift	present, birthday, christmas, xmas
ğŸŠ	confetti_ball	festival, party, birthday, circus
ğŸ‰	tada	party, congratulations, birthday, magic, circus, celebration
ğŸ	dolls	japanese, toy, kimono
ğŸ	wind_chime	nature, ding, spring, bell
ğŸŒ	crossed_flags	japanese, nation, country, border
ğŸ®	izakaya_lantern	light, paper, halloween, spooky
âœ‰ï¸	email	letter, postal, inbox, communication
ğŸ“©	envelope_with_arrow	email, communication
ğŸ“¨	incoming_envelope	email, inbox
ğŸ“§	e-mail	communication, inbox
ğŸ’Œ	love_letter	email, like, affection, envelope, valentines
ğŸ“®	postbox	email, letter, envelope
ğŸ“ª	mailbox_closed	email, communication, inbox
ğŸ“«	mailbox	email, inbox, communication
ğŸ“¬	mailbox_with_mail	email, inbox, communication
ğŸ“­	mailbox_with_no_mail	email, inbox
ğŸ“¦	package	mail, gift, cardboard, box, moving
ğŸ“¯	postal_horn	instrument, music
ğŸ“¥	inbox_tray	email, documents
ğŸ“¤	outbox_tray	inbox, email
ğŸ“œ	scroll	documents, ancient, history, paper
ğŸ“ƒ	page_with_curl	documents, office, paper
ğŸ“‘	bookmark_tabs	favorite, save, order, tidy
ğŸ“Š	bar_chart	graph, presentation, stats
ğŸ“ˆ	chart_with_upwards_trend	graph, presentation, stats, recovery, business, economics, money, sales, good, success
ğŸ“‰	chart_with_downwards_trend	graph, presentation, stats, recession, business, economics, money, sales, bad, failure
ğŸ“„	page_facing_up	documents, office, paper, information
ğŸ“…	date	calendar, schedule
ğŸ“†	calendar	schedule, date, planning
ğŸ—“	spiral_calendar	date, schedule, planning
ğŸ“‡	card_index	business, stationery
ğŸ—ƒ	card_file_box	business, stationery
ğŸ—³	ballot_box	election, vote
ğŸ—„	file_cabinet	filing, organizing
ğŸ“‹	clipboard	stationery, documents
ğŸ—’	spiral_notepad	memo, stationery
ğŸ“	file_folder	documents, business, office
ğŸ“‚	open_file_folder	documents, load
ğŸ—‚	card_index_dividers	organizing, business, stationery
ğŸ—	newspaper_roll	press, headline
ğŸ“°	newspaper	press, headline
ğŸ““	notebook	stationery, record, notes, paper, study
ğŸ“•	closed_book	read, library, knowledge, textbook, learn
ğŸ“—	green_book	read, library, knowledge, study
ğŸ“˜	blue_book	read, library, knowledge, learn, study
ğŸ“™	orange_book	read, library, knowledge, textbook, study
ğŸ“”	notebook_with_decorative_cover	classroom, notes, record, paper, study
ğŸ“’	ledger	notes, paper
ğŸ“š	books	literature, library, study
ğŸ“–	open_book	book, read, library, knowledge, literature, learn, study
ğŸ”—	link	rings, url
ğŸ“	paperclip	documents, stationery
ğŸ–‡	paperclips	documents, stationery
âœ‚ï¸	scissors	stationery, cut
ğŸ“	triangular_ruler	stationery, math, architect, sketch
ğŸ“	straight_ruler	stationery, calculate, length, math, school, drawing, architect, sketch
ğŸ“Œ	pushpin	stationery, mark, here
ğŸ“	round_pushpin	stationery, location, map, here
ğŸš©	triangular_flag_on_post	mark, milestone, place
ğŸ³	white_flag	losing, loser, lost, surrender, give up, fail
ğŸ´	black_flag	pirate
ğŸ³ï¸â€ğŸŒˆ	rainbow_flag	flag, rainbow, pride, gay, lgbt, glbt, queer, homosexual, lesbian, bisexual, transgender
ğŸ”	closed_lock_with_key	security, privacy
ğŸ”’	lock	security, password, padlock
ğŸ”“	unlock	privacy, security
ğŸ”	lock_with_ink_pen	security, secret
ğŸ–Š	pen	stationery, writing, write
ğŸ–‹	fountain_pen	stationery, writing, write
âœ’ï¸	black_nib	pen, stationery, writing, write
ğŸ“	memo	write, documents, stationery, pencil, paper, writing, legal, exam, quiz, test, study, compose
âœï¸	pencil2	stationery, write, paper, writing, school, study
ğŸ–	crayon	drawing, creativity
ğŸ–Œ	paintbrush	drawing, creativity, art
ğŸ”	mag	search, zoom, find, detective
ğŸ”	mag_right	search, zoom, find, detective
â¤ï¸	heart	love, like, valentines
ğŸ§¡	orange_heart	love, like, affection, valentines
ğŸ’›	yellow_heart	love, like, affection, valentines
ğŸ’š	green_heart	love, like, affection, valentines
ğŸ’™	blue_heart	love, like, affection, valentines
ğŸ’œ	purple_heart	love, like, affection, valentines
ğŸ–¤	black_heart	evil
ğŸ’”	broken_heart	sad, sorry, break, heart, heartbreak
â£	heavy_heart_exclamation	decoration, love
ğŸ’•	two_hearts	love, like, affection, valentines, heart
ğŸ’	revolving_hearts	love, like, affection, valentines
ğŸ’“	heartbeat	love, like, affection, valentines, pink, heart
ğŸ’—	heartpulse	like, love, affection, valentines, pink
ğŸ’–	sparkling_heart	love, like, affection, valentines
ğŸ’˜	cupid	love, like, heart, affection, valentines
ğŸ’	gift_heart	love, valentines
ğŸ’Ÿ	heart_decoration	purple-square, love, like
â˜®	peace_symbol	hippie
âœ	latin_cross	christianity
â˜ª	star_and_crescent	islam
ğŸ•‰	om	hinduism, buddhism, sikhism, jainism
â˜¸	wheel_of_dharma	hinduism, buddhism, sikhism, jainism
âœ¡	star_of_david	judaism
ğŸ”¯	six_pointed_star	purple-square, religion, jewish, hexagram
ğŸ•	menorah	hanukkah, candles, jewish
â˜¯	yin_yang	balance
â˜¦	orthodox_cross	suppedaneum, religion
ğŸ›	place_of_worship	religion, church, temple, prayer
â›	ophiuchus	sign, purple-square, constellation, astrology
â™ˆ	aries	sign, purple-square, zodiac, astrology
â™‰	taurus	purple-square, sign, zodiac, astrology
â™Š	gemini	sign, zodiac, purple-square, astrology
â™‹	cancer	sign, zodiac, purple-square, astrology
â™Œ	leo	sign, purple-square, zodiac, astrology
â™	virgo	sign, zodiac, purple-square, astrology
â™	libra	sign, purple-square, zodiac, astrology
â™	scorpius	sign, zodiac, purple-square, astrology, scorpio
â™	sagittarius	sign, zodiac, purple-square, astrology
â™‘	capricorn	sign, zodiac, purple-square, astrology
â™’	aquarius	sign, purple-square, zodiac, astrology
â™“	pisces	purple-square, sign, zodiac, astrology
ğŸ†”	id	purple-square, words
âš›	atom_symbol	science, physics, chemistry
ğŸˆ³	u7a7a	kanji, japanese, chinese, empty, sky, blue-square
ğŸˆ¹	u5272	cut, divide, chinese, kanji, pink-square
â˜¢	radioactive	nuclear, danger
â˜£	biohazard	danger
ğŸ“´	mobile_phone_off	mute, orange-square, silence, quiet
ğŸ“³	vibration_mode	orange-square, phone
ğŸˆ¶	u6709	orange-square, chinese, have, kanji
ğŸˆš	u7121	nothing, chinese, kanji, japanese, orange-square
ğŸˆ¸	u7533	chinese, japanese, kanji, orange-square
ğŸˆº	u55b6	japanese, opening hours, orange-square
ğŸˆ·ï¸	u6708	chinese, month, moon, japanese, orange-square, kanji
âœ´ï¸	eight_pointed_black_star	orange-square, shape, polygon
ğŸ†š	vs	words, orange-square
ğŸ‰‘	accept	ok, good, chinese, kanji, agree, yes, orange-circle
ğŸ’®	white_flower	japanese, spring
ğŸ‰	ideograph_advantage	chinese, kanji, obtain, get, circle
ãŠ™ï¸	secret	privacy, chinese, sshh, kanji, red-circle
ãŠ—ï¸	congratulations	chinese, kanji, japanese, red-circle
ğŸˆ´	u5408	japanese, chinese, join, kanji, red-square
ğŸˆµ	u6e80	full, chinese, japanese, red-square, kanji
ğŸˆ²	u7981	kanji, japanese, chinese, forbidden, limit, restricted, red-square
ğŸ…°ï¸	a	red-square, alphabet, letter
ğŸ…±ï¸	b	red-square, alphabet, letter
ğŸ†	ab	red-square, alphabet
ğŸ†‘	cl	alphabet, words, red-square
ğŸ…¾ï¸	o2	alphabet, red-square, letter
ğŸ†˜	sos	help, red-square, words, emergency, 911
â›”	no_entry	limit, security, privacy, bad, denied, stop, circle
ğŸ“›	name_badge	fire, forbid
ğŸš«	no_entry_sign	forbid, stop, limit, denied, disallow, circle
âŒ	x	no, delete, remove, cancel
â­•	o	circle, round
ğŸ›‘	stop_sign	stop
ğŸ’¢	anger	angry, mad
â™¨ï¸	hotsprings	bath, warm, relax
ğŸš·	no_pedestrians	rules, crossing, walking, circle
ğŸš¯	do_not_litter	trash, bin, garbage, circle
ğŸš³	no_bicycles	cyclist, prohibited, circle
ğŸš±	non-potable_water	drink, faucet, tap, circle
ğŸ”	underage	18, drink, pub, night, minor, circle
ğŸ“µ	no_mobile_phones	iphone, mute, circle
â—	exclamation	heavy_exclamation_mark, danger, surprise, punctuation, wow, warning
â•	grey_exclamation	surprise, punctuation, gray, wow, warning
â“	question	doubt, confused
â”	grey_question	doubts, gray, huh, confused
â€¼ï¸	bangbang	exclamation, surprise
â‰ï¸	interrobang	wat, punctuation, surprise
ğŸ’¯	100	score, perfect, numbers, century, exam, quiz, test, pass, hundred
ğŸ”…	low_brightness	sun, afternoon, warm, summer
ğŸ”†	high_brightness	sun, light
ğŸ”±	trident	weapon, spear
âšœ	fleur_de_lis	decorative, scout
ã€½ï¸	part_alternation_mark	graph, presentation, stats, business, economics, bad
âš ï¸	warning	exclamation, wip, alert, error, problem, issue
ğŸš¸	children_crossing	school, warning, danger, sign, driving, yellow-diamond
ğŸ”°	beginner	badge, shield
â™»ï¸	recycle	arrow, environment, garbage, trash
ğŸˆ¯	u6307	chinese, point, green-square, kanji
ğŸ’¹	chart	green-square, graph, presentation, stats
â‡ï¸	sparkle	stars, green-square, awesome, good, fireworks
âœ³ï¸	eight_spoked_asterisk	star, sparkle, green-square
â	negative_squared_cross_mark	x, green-square, no, deny
âœ…	white_check_mark	green-square, ok, agree, vote, election, answer, tick
ğŸ’ 	diamond_shape_with_a_dot_inside	jewel, blue, gem, crystal, fancy
ğŸŒ€	cyclone	weather, swirl, blue, cloud, vortex, spiral, whirlpool, spin, tornado, hurricane, typhoon
â¿	loop	tape, cassette
ğŸŒ	globe_with_meridians	earth, international, world, internet, interweb, i18n
â“‚ï¸	m	alphabet, blue-circle, letter
ğŸ§	atm	money, sales, cash, blue-square, payment, bank
ğŸˆ‚ï¸	sa	japanese, blue-square, katakana
ğŸ›‚	passport_control	custom, blue-square
ğŸ›ƒ	customs	passport, border, blue-square
ğŸ›„	baggage_claim	blue-square, airport, transport
ğŸ›…	left_luggage	blue-square, travel
â™¿	wheelchair	blue-square, disabled, a11y, accessibility
ğŸš­	no_smoking	cigarette, blue-square, smell, smoke
ğŸš¾	wc	toilet, restroom, blue-square
ğŸ…¿ï¸	parking	cars, blue-square, alphabet, letter
ğŸš°	potable_water	blue-square, liquid, restroom, cleaning, faucet
ğŸš¹	mens	toilet, restroom, wc, blue-square, gender, male
ğŸšº	womens	purple-square, woman, female, toilet, loo, restroom, gender
ğŸš¼	baby_symbol	orange-square, child
ğŸš»	restroom	blue-square, toilet, refresh, wc, gender
ğŸš®	put_litter_in_its_place	blue-square, sign, human, info
ğŸ¦	cinema	blue-square, record, film, movie, curtain, stage, theater
ğŸ“¶	signal_strength	blue-square, reception, phone, internet, connection, wifi, bluetooth, bars
ğŸˆ	koko	blue-square, here, katakana, japanese, destination
ğŸ†–	ng	blue-square, words, shape, icon
ğŸ†—	ok	good, agree, yes, blue-square
ğŸ†™	up	blue-square, above, high
ğŸ†’	cool	words, blue-square
ğŸ†•	new	blue-square, words, start
ğŸ†“	free	blue-square, words
0ï¸âƒ£	zero	0, numbers, blue-square, null
1ï¸âƒ£	one	blue-square, numbers, 1
2ï¸âƒ£	two	numbers, 2, prime, blue-square
3ï¸âƒ£	three	3, numbers, prime, blue-square
4ï¸âƒ£	four	4, numbers, blue-square
5ï¸âƒ£	five	5, numbers, blue-square, prime
6ï¸âƒ£	six	6, numbers, blue-square
7ï¸âƒ£	seven	7, numbers, blue-square, prime
8ï¸âƒ£	eight	8, blue-square, numbers
9ï¸âƒ£	nine	blue-square, numbers, 9
ğŸ”Ÿ	keycap_ten	numbers, 10, blue-square
*âƒ£	asterisk	star, keycap
ğŸ”¢	1234	numbers, blue-square
âï¸	eject_button	blue-square
â–¶ï¸	arrow_forward	blue-square, right, direction, play
â¸	pause_button	pause, blue-square
â­	next_track_button	forward, next, blue-square
â¹	stop_button	blue-square
âº	record_button	blue-square
â¯	play_or_pause_button	blue-square, play, pause
â®	previous_track_button	backward
â©	fast_forward	blue-square, play, speed, continue
âª	rewind	play, blue-square
ğŸ”€	twisted_rightwards_arrows	blue-square, shuffle, music, random
ğŸ”	repeat	loop, record
ğŸ”‚	repeat_one	blue-square, loop
â—€ï¸	arrow_backward	blue-square, left, direction
ğŸ”¼	arrow_up_small	blue-square, triangle, direction, point, forward, top
ğŸ”½	arrow_down_small	blue-square, direction, bottom
â«	arrow_double_up	blue-square, direction, top
â¬	arrow_double_down	blue-square, direction, bottom
â¡ï¸	arrow_right	blue-square, next
â¬…ï¸	arrow_left	blue-square, previous, back
â¬†ï¸	arrow_up	blue-square, continue, top, direction
â¬‡ï¸	arrow_down	blue-square, direction, bottom
â†—ï¸	arrow_upper_right	blue-square, point, direction, diagonal, northeast
â†˜ï¸	arrow_lower_right	blue-square, direction, diagonal, southeast
â†™ï¸	arrow_lower_left	blue-square, direction, diagonal, southwest
â†–ï¸	arrow_upper_left	blue-square, point, direction, diagonal, northwest
â†•ï¸	arrow_up_down	blue-square, direction, way, vertical
â†”ï¸	left_right_arrow	shape, direction, horizontal, sideways
ğŸ”„	arrows_counterclockwise	blue-square, sync, cycle
â†ªï¸	arrow_right_hook	blue-square, return, rotate, direction
â†©ï¸	leftwards_arrow_with_hook	back, return, blue-square, undo, enter
â¤´ï¸	arrow_heading_up	blue-square, direction, top
â¤µï¸	arrow_heading_down	blue-square, direction, bottom
#ï¸âƒ£	hash	symbol, blue-square, twitter
â„¹ï¸	information_source	blue-square, alphabet, letter
ğŸ”¤	abc	blue-square, alphabet
ğŸ”¡	abcd	blue-square, alphabet
ğŸ” 	capital_abcd	alphabet, words, blue-square
ğŸ”£	symbols	blue-square, music, note, ampersand, percent, glyphs, characters
ğŸµ	musical_note	score, tone, sound
ğŸ¶	notes	music, score
ã€°ï¸	wavy_dash	draw, line, moustache, mustache, squiggle, scribble
â°	curly_loop	scribble, draw, shape, squiggle
âœ”ï¸	heavy_check_mark	ok, nike, answer, yes, tick
ğŸ”ƒ	arrows_clockwise	sync, cycle, round, repeat
â•	heavy_plus_sign	math, calculation, addition, more, increase
â–	heavy_minus_sign	math, calculation, subtract, less
â—	heavy_division_sign	divide, math, calculation
âœ–ï¸	heavy_multiplication_x	math, calculation
ğŸ’²	heavy_dollar_sign	money, sales, payment, currency, buck
ğŸ’±	currency_exchange	money, sales, dollar, travel
Â©ï¸	copyright	ip, license, circle, law, legal
Â®ï¸	registered	alphabet, circle
â„¢ï¸	tm	trademark, brand, law, legal
ğŸ”š	end	words, arrow
ğŸ”™	back	arrow, words, return
ğŸ”›	on	arrow, words
ğŸ”	top	words, blue-square
ğŸ”œ	soon	arrow, words
â˜‘ï¸	ballot_box_with_check	ok, agree, confirm, black-square, vote, election, yes, tick
ğŸ”˜	radio_button	input, old, music, circle
âšª	white_circle	shape, round
âš«	black_circle	shape, button, round
ğŸ”´	red_circle	shape, error, danger
ğŸ”µ	large_blue_circle	shape, icon, button
ğŸ”¸	small_orange_diamond	shape, jewel, gem
ğŸ”¹	small_blue_diamond	shape, jewel, gem
ğŸ”¶	large_orange_diamond	shape, jewel, gem
ğŸ”·	large_blue_diamond	shape, jewel, gem
ğŸ”º	small_red_triangle	shape, direction, up, top
â–ªï¸	black_small_square	shape, icon
â–«ï¸	white_small_square	shape, icon
â¬›	black_large_square	shape, icon, button
â¬œ	white_large_square	shape, icon, stone, button
ğŸ”»	small_red_triangle_down	shape, direction, bottom
â—¼ï¸	black_medium_square	shape, button, icon
â—»ï¸	white_medium_square	shape, stone, icon
â—¾	black_medium_small_square	icon, shape, button
â—½	white_medium_small_square	shape, stone, icon, button
ğŸ”²	black_square_button	shape, input, frame
ğŸ”³	white_square_button	shape, input
ğŸ”ˆ	speaker	sound, volume, silence, broadcast
ğŸ”‰	sound	volume, speaker, broadcast
ğŸ”Š	loud_sound	volume, noise, noisy, speaker, broadcast
ğŸ”‡	mute	sound, volume, silence, quiet
ğŸ“£	mega	sound, speaker, volume
ğŸ“¢	loudspeaker	volume, sound
ğŸ””	bell	sound, notification, christmas, xmas, chime
ğŸ”•	no_bell	sound, volume, mute, quiet, silent
ğŸƒ	black_joker	poker, cards, game, play, magic
ğŸ€„	mahjong	game, play, chinese, kanji
â™ ï¸	spades	poker, cards, suits, magic
â™£ï¸	clubs	poker, cards, magic, suits
â™¥ï¸	hearts	poker, cards, magic, suits
â™¦ï¸	diamonds	poker, cards, magic, suits
ğŸ´	flower_playing_cards	game, sunset, red
ğŸ’­	thought_balloon	bubble, cloud, speech, thinking, dream
ğŸ—¯	right_anger_bubble	caption, speech, thinking, mad
ğŸ’¬	speech_balloon	bubble, words, message, talk, chatting
ğŸ—¨	left_speech_bubble	words, message, talk, chatting
ğŸ•	clock1	time, late, early, schedule
ğŸ•‘	clock2	time, late, early, schedule
ğŸ•’	clock3	time, late, early, schedule
ğŸ•“	clock4	time, late, early, schedule
ğŸ•”	clock5	time, late, early, schedule
ğŸ••	clock6	time, late, early, schedule, dawn, dusk
ğŸ•–	clock7	time, late, early, schedule
ğŸ•—	clock8	time, late, early, schedule
ğŸ•˜	clock9	time, late, early, schedule
ğŸ•™	clock10	time, late, early, schedule
ğŸ•š	clock11	time, late, early, schedule
ğŸ•›	clock12	time, noon, midnight, midday, late, early, schedule
ğŸ•œ	clock130	time, late, early, schedule
ğŸ•	clock230	time, late, early, schedule
ğŸ•	clock330	time, late, early, schedule
ğŸ•Ÿ	clock430	time, late, early, schedule
ğŸ• 	clock530	time, late, early, schedule
ğŸ•¡	clock630	time, late, early, schedule
ğŸ•¢	clock730	time, late, early, schedule
ğŸ•£	clock830	time, late, early, schedule
ğŸ•¤	clock930	time, late, early, schedule
ğŸ•¥	clock1030	time, late, early, schedule
ğŸ•¦	clock1130	time, late, early, schedule
ğŸ•§	clock1230	time, late, early, schedule
ğŸ‡¦ğŸ‡«	afghanistan	af, flag, nation, country, banner
ğŸ‡¦ğŸ‡½	aland_islands	Ã…land, islands, flag, nation, country, banner
ğŸ‡¦ğŸ‡±	albania	al, flag, nation, country, banner
ğŸ‡©ğŸ‡¿	algeria	dz, flag, nation, country, banner
ğŸ‡¦ğŸ‡¸	american_samoa	american, ws, flag, nation, country, banner
ğŸ‡¦ğŸ‡©	andorra	ad, flag, nation, country, banner
ğŸ‡¦ğŸ‡´	angola	ao, flag, nation, country, banner
ğŸ‡¦ğŸ‡®	anguilla	ai, flag, nation, country, banner
ğŸ‡¦ğŸ‡¶	antarctica	aq, flag, nation, country, banner
ğŸ‡¦ğŸ‡¬	antigua_barbuda	antigua, barbuda, flag, nation, country, banner
ğŸ‡¦ğŸ‡·	argentina	ar, flag, nation, country, banner
ğŸ‡¦ğŸ‡²	armenia	am, flag, nation, country, banner
ğŸ‡¦ğŸ‡¼	aruba	aw, flag, nation, country, banner
ğŸ‡¦ğŸ‡º	australia	au, flag, nation, country, banner
ğŸ‡¦ğŸ‡¹	austria	at, flag, nation, country, banner
ğŸ‡¦ğŸ‡¿	azerbaijan	az, flag, nation, country, banner
ğŸ‡§ğŸ‡¸	bahamas	bs, flag, nation, country, banner
ğŸ‡§ğŸ‡­	bahrain	bh, flag, nation, country, banner
ğŸ‡§ğŸ‡©	bangladesh	bd, flag, nation, country, banner
ğŸ‡§ğŸ‡§	barbados	bb, flag, nation, country, banner
ğŸ‡§ğŸ‡¾	belarus	by, flag, nation, country, banner
ğŸ‡§ğŸ‡ª	belgium	be, flag, nation, country, banner
ğŸ‡§ğŸ‡¿	belize	bz, flag, nation, country, banner
ğŸ‡§ğŸ‡¯	benin	bj, flag, nation, country, banner
ğŸ‡§ğŸ‡²	bermuda	bm, flag, nation, country, banner
ğŸ‡§ğŸ‡¹	bhutan	bt, flag, nation, country, banner
ğŸ‡§ğŸ‡´	bolivia	bo, flag, nation, country, banner
ğŸ‡§ğŸ‡¶	caribbean_netherlands	bonaire, flag, nation, country, banner
ğŸ‡§ğŸ‡¦	bosnia_herzegovina	bosnia, herzegovina, flag, nation, country, banner
ğŸ‡§ğŸ‡¼	botswana	bw, flag, nation, country, banner
ğŸ‡§ğŸ‡·	brazil	br, flag, nation, country, banner
ğŸ‡®ğŸ‡´	british_indian_ocean_territory	british, indian, ocean, territory, flag, nation, country, banner
ğŸ‡»ğŸ‡¬	british_virgin_islands	british, virgin, islands, bvi, flag, nation, country, banner
ğŸ‡§ğŸ‡³	brunei	bn, darussalam, flag, nation, country, banner
ğŸ‡§ğŸ‡¬	bulgaria	bg, flag, nation, country, banner
ğŸ‡§ğŸ‡«	burkina_faso	burkina, faso, flag, nation, country, banner
ğŸ‡§ğŸ‡®	burundi	bi, flag, nation, country, banner
ğŸ‡¨ğŸ‡»	cape_verde	cabo, verde, flag, nation, country, banner
ğŸ‡°ğŸ‡­	cambodia	kh, flag, nation, country, banner
ğŸ‡¨ğŸ‡²	cameroon	cm, flag, nation, country, banner
ğŸ‡¨ğŸ‡¦	canada	ca, flag, nation, country, banner
ğŸ‡®ğŸ‡¨	canary_islands	canary, islands, flag, nation, country, banner
ğŸ‡°ğŸ‡¾	cayman_islands	cayman, islands, flag, nation, country, banner
ğŸ‡¨ğŸ‡«	central_african_republic	central, african, republic, flag, nation, country, banner
ğŸ‡¹ğŸ‡©	chad	td, flag, nation, country, banner
ğŸ‡¨ğŸ‡±	chile	flag, nation, country, banner
ğŸ‡¨ğŸ‡³	cn	china, chinese, prc, flag, country, nation, banner
ğŸ‡¨ğŸ‡½	christmas_island	christmas, island, flag, nation, country, banner
ğŸ‡¨ğŸ‡¨	cocos_islands	cocos, keeling, islands, flag, nation, country, banner
ğŸ‡¨ğŸ‡´	colombia	co, flag, nation, country, banner
ğŸ‡°ğŸ‡²	comoros	km, flag, nation, country, banner
ğŸ‡¨ğŸ‡¬	congo_brazzaville	congo, flag, nation, country, banner
ğŸ‡¨ğŸ‡©	congo_kinshasa	congo, democratic, republic, flag, nation, country, banner
ğŸ‡¨ğŸ‡°	cook_islands	cook, islands, flag, nation, country, banner
ğŸ‡¨ğŸ‡·	costa_rica	costa, rica, flag, nation, country, banner
ğŸ‡­ğŸ‡·	croatia	hr, flag, nation, country, banner
ğŸ‡¨ğŸ‡º	cuba	cu, flag, nation, country, banner
ğŸ‡¨ğŸ‡¼	curacao	curaÃ§ao, flag, nation, country, banner
ğŸ‡¨ğŸ‡¾	cyprus	cy, flag, nation, country, banner
ğŸ‡¨ğŸ‡¿	czech_republic	cz, flag, nation, country, banner
ğŸ‡©ğŸ‡°	denmark	dk, flag, nation, country, banner
ğŸ‡©ğŸ‡¯	djibouti	dj, flag, nation, country, banner
ğŸ‡©ğŸ‡²	dominica	dm, flag, nation, country, banner
ğŸ‡©ğŸ‡´	dominican_republic	dominican, republic, flag, nation, country, banner
ğŸ‡ªğŸ‡¨	ecuador	ec, flag, nation, country, banner
ğŸ‡ªğŸ‡¬	egypt	eg, flag, nation, country, banner
ğŸ‡¸ğŸ‡»	el_salvador	el, salvador, flag, nation, country, banner
ğŸ‡¬ğŸ‡¶	equatorial_guinea	equatorial, gn, flag, nation, country, banner
ğŸ‡ªğŸ‡·	eritrea	er, flag, nation, country, banner
ğŸ‡ªğŸ‡ª	estonia	ee, flag, nation, country, banner
ğŸ‡ªğŸ‡¹	ethiopia	et, flag, nation, country, banner
ğŸ‡ªğŸ‡º	eu	european, union, flag, banner
ğŸ‡«ğŸ‡°	falkland_islands	falkland, islands, malvinas, flag, nation, country, banner
ğŸ‡«ğŸ‡´	faroe_islands	faroe, islands, flag, nation, country, banner
ğŸ‡«ğŸ‡¯	fiji	fj, flag, nation, country, banner
ğŸ‡«ğŸ‡®	finland	fi, flag, nation, country, banner
ğŸ‡«ğŸ‡·	fr	banner, flag, nation, france, french, country
ğŸ‡¬ğŸ‡«	french_guiana	french, guiana, flag, nation, country, banner
ğŸ‡µğŸ‡«	french_polynesia	french, polynesia, flag, nation, country, banner
ğŸ‡¹ğŸ‡«	french_southern_territories	french, southern, territories, flag, nation, country, banner
ğŸ‡¬ğŸ‡¦	gabon	ga, flag, nation, country, banner
ğŸ‡¬ğŸ‡²	gambia	gm, flag, nation, country, banner
ğŸ‡¬ğŸ‡ª	georgia	ge, flag, nation, country, banner
ğŸ‡©ğŸ‡ª	de	german, nation, flag, country, banner
ğŸ‡¬ğŸ‡­	ghana	gh, flag, nation, country, banner
ğŸ‡¬ğŸ‡®	gibraltar	gi, flag, nation, country, banner
ğŸ‡¬ğŸ‡·	greece	gr, flag, nation, country, banner
ğŸ‡¬ğŸ‡±	greenland	gl, flag, nation, country, banner
ğŸ‡¬ğŸ‡©	grenada	gd, flag, nation, country, banner
ğŸ‡¬ğŸ‡µ	guadeloupe	gp, flag, nation, country, banner
ğŸ‡¬ğŸ‡º	guam	gu, flag, nation, country, banner
ğŸ‡¬ğŸ‡¹	guatemala	gt, flag, nation, country, banner
ğŸ‡¬ğŸ‡¬	guernsey	gg, flag, nation, country, banner
ğŸ‡¬ğŸ‡³	guinea	gn, flag, nation, country, banner
ğŸ‡¬ğŸ‡¼	guinea_bissau	gw, bissau, flag, nation, country, banner
ğŸ‡¬ğŸ‡¾	guyana	gy, flag, nation, country, banner
ğŸ‡­ğŸ‡¹	haiti	ht, flag, nation, country, banner
ğŸ‡­ğŸ‡³	honduras	hn, flag, nation, country, banner
ğŸ‡­ğŸ‡°	hong_kong	hong, kong, flag, nation, country, banner
ğŸ‡­ğŸ‡º	hungary	hu, flag, nation, country, banner
ğŸ‡®ğŸ‡¸	iceland	is, flag, nation, country, banner
ğŸ‡®ğŸ‡³	india	in, flag, nation, country, banner
ğŸ‡®ğŸ‡©	indonesia	flag, nation, country, banner
ğŸ‡®ğŸ‡·	iran	iran,, islamic, republic, flag, nation, country, banner
ğŸ‡®ğŸ‡¶	iraq	iq, flag, nation, country, banner
ğŸ‡®ğŸ‡ª	ireland	ie, flag, nation, country, banner
ğŸ‡®ğŸ‡²	isle_of_man	isle, man, flag, nation, country, banner
ğŸ‡®ğŸ‡±	israel	il, flag, nation, country, banner
ğŸ‡®ğŸ‡¹	it	italy, flag, nation, country, banner
ğŸ‡¨ğŸ‡®	cote_divoire	ivory, coast, flag, nation, country, banner
ğŸ‡¯ğŸ‡²	jamaica	jm, flag, nation, country, banner
ğŸ‡¯ğŸ‡µ	jp	japanese, nation, flag, country, banner
ğŸ‡¯ğŸ‡ª	jersey	je, flag, nation, country, banner
ğŸ‡¯ğŸ‡´	jordan	jo, flag, nation, country, banner
ğŸ‡°ğŸ‡¿	kazakhstan	kz, flag, nation, country, banner
ğŸ‡°ğŸ‡ª	kenya	ke, flag, nation, country, banner
ğŸ‡°ğŸ‡®	kiribati	ki, flag, nation, country, banner
ğŸ‡½ğŸ‡°	kosovo	xk, flag, nation, country, banner
ğŸ‡°ğŸ‡¼	kuwait	kw, flag, nation, country, banner
ğŸ‡°ğŸ‡¬	kyrgyzstan	kg, flag, nation, country, banner
ğŸ‡±ğŸ‡¦	laos	lao, democratic, republic, flag, nation, country, banner
ğŸ‡±ğŸ‡»	latvia	lv, flag, nation, country, banner
ğŸ‡±ğŸ‡§	lebanon	lb, flag, nation, country, banner
ğŸ‡±ğŸ‡¸	lesotho	ls, flag, nation, country, banner
ğŸ‡±ğŸ‡·	liberia	lr, flag, nation, country, banner
ğŸ‡±ğŸ‡¾	libya	ly, flag, nation, country, banner
ğŸ‡±ğŸ‡®	liechtenstein	li, flag, nation, country, banner
ğŸ‡±ğŸ‡¹	lithuania	lt, flag, nation, country, banner
ğŸ‡±ğŸ‡º	luxembourg	lu, flag, nation, country, banner
ğŸ‡²ğŸ‡´	macau	macao, flag, nation, country, banner
ğŸ‡²ğŸ‡°	macedonia	macedonia,, flag, nation, country, banner
ğŸ‡²ğŸ‡¬	madagascar	mg, flag, nation, country, banner
ğŸ‡²ğŸ‡¼	malawi	mw, flag, nation, country, banner
ğŸ‡²ğŸ‡¾	malaysia	my, flag, nation, country, banner
ğŸ‡²ğŸ‡»	maldives	mv, flag, nation, country, banner
ğŸ‡²ğŸ‡±	mali	ml, flag, nation, country, banner
ğŸ‡²ğŸ‡¹	malta	mt, flag, nation, country, banner
ğŸ‡²ğŸ‡­	marshall_islands	marshall, islands, flag, nation, country, banner
ğŸ‡²ğŸ‡¶	martinique	mq, flag, nation, country, banner
ğŸ‡²ğŸ‡·	mauritania	mr, flag, nation, country, banner
ğŸ‡²ğŸ‡º	mauritius	mu, flag, nation, country, banner
ğŸ‡¾ğŸ‡¹	mayotte	yt, flag, nation, country, banner
ğŸ‡²ğŸ‡½	mexico	mx, flag, nation, country, banner
ğŸ‡«ğŸ‡²	micronesia	micronesia,, federated, states, flag, nation, country, banner
ğŸ‡²ğŸ‡©	moldova	moldova,, republic, flag, nation, country, banner
ğŸ‡²ğŸ‡¨	monaco	mc, flag, nation, country, banner
ğŸ‡²ğŸ‡³	mongolia	mn, flag, nation, country, banner
ğŸ‡²ğŸ‡ª	montenegro	me, flag, nation, country, banner
ğŸ‡²ğŸ‡¸	montserrat	ms, flag, nation, country, banner
ğŸ‡²ğŸ‡¦	morocco	ma, flag, nation, country, banner
ğŸ‡²ğŸ‡¿	mozambique	mz, flag, nation, country, banner
ğŸ‡²ğŸ‡²	myanmar	mm, flag, nation, country, banner
ğŸ‡³ğŸ‡¦	namibia	na, flag, nation, country, banner
ğŸ‡³ğŸ‡·	nauru	nr, flag, nation, country, banner
ğŸ‡³ğŸ‡µ	nepal	np, flag, nation, country, banner
ğŸ‡³ğŸ‡±	netherlands	nl, flag, nation, country, banner
ğŸ‡³ğŸ‡¨	new_caledonia	new, caledonia, flag, nation, country, banner
ğŸ‡³ğŸ‡¿	new_zealand	new, zealand, flag, nation, country, banner
ğŸ‡³ğŸ‡®	nicaragua	ni, flag, nation, country, banner
ğŸ‡³ğŸ‡ª	niger	ne, flag, nation, country, banner
ğŸ‡³ğŸ‡¬	nigeria	flag, nation, country, banner
ğŸ‡³ğŸ‡º	niue	nu, flag, nation, country, banner
ğŸ‡³ğŸ‡«	norfolk_island	norfolk, island, flag, nation, country, banner
ğŸ‡²ğŸ‡µ	northern_mariana_islands	northern, mariana, islands, flag, nation, country, banner
ğŸ‡°ğŸ‡µ	north_korea	north, korea, nation, flag, country, banner
ğŸ‡³ğŸ‡´	norway	no, flag, nation, country, banner
ğŸ‡´ğŸ‡²	oman	om_symbol, flag, nation, country, banner
ğŸ‡µğŸ‡°	pakistan	pk, flag, nation, country, banner
ğŸ‡µğŸ‡¼	palau	pw, flag, nation, country, banner
ğŸ‡µğŸ‡¸	palestinian_territories	palestine, palestinian, territories, flag, nation, country, banner
ğŸ‡µğŸ‡¦	panama	pa, flag, nation, country, banner
ğŸ‡µğŸ‡¬	papua_new_guinea	papua, new, guinea, flag, nation, country, banner
ğŸ‡µğŸ‡¾	paraguay	py, flag, nation, country, banner
ğŸ‡µğŸ‡ª	peru	pe, flag, nation, country, banner
ğŸ‡µğŸ‡­	philippines	ph, flag, nation, country, banner
ğŸ‡µğŸ‡³	pitcairn_islands	pitcairn, flag, nation, country, banner
ğŸ‡µğŸ‡±	poland	pl, flag, nation, country, banner
ğŸ‡µğŸ‡¹	portugal	pt, flag, nation, country, banner
ğŸ‡µğŸ‡·	puerto_rico	puerto, rico, flag, nation, country, banner
ğŸ‡¶ğŸ‡¦	qatar	qa, flag, nation, country, banner
ğŸ‡·ğŸ‡ª	reunion	rÃ©union, flag, nation, country, banner
ğŸ‡·ğŸ‡´	romania	ro, flag, nation, country, banner
ğŸ‡·ğŸ‡º	ru	russian, federation, flag, nation, country, banner
ğŸ‡·ğŸ‡¼	rwanda	rw, flag, nation, country, banner
ğŸ‡§ğŸ‡±	st_barthelemy	saint, barthÃ©lemy, flag, nation, country, banner
ğŸ‡¸ğŸ‡­	st_helena	saint, helena, ascension, tristan, cunha, flag, nation, country, banner
ğŸ‡°ğŸ‡³	st_kitts_nevis	saint, kitts, nevis, flag, nation, country, banner
ğŸ‡±ğŸ‡¨	st_lucia	saint, lucia, flag, nation, country, banner
ğŸ‡µğŸ‡²	st_pierre_miquelon	saint, pierre, miquelon, flag, nation, country, banner
ğŸ‡»ğŸ‡¨	st_vincent_grenadines	saint, vincent, grenadines, flag, nation, country, banner
ğŸ‡¼ğŸ‡¸	samoa	ws, flag, nation, country, banner
ğŸ‡¸ğŸ‡²	san_marino	san, marino, flag, nation, country, banner
ğŸ‡¸ğŸ‡¹	sao_tome_principe	sao, tome, principe, flag, nation, country, banner
ğŸ‡¸ğŸ‡¦	saudi_arabia	flag, nation, country, banner
ğŸ‡¸ğŸ‡³	senegal	sn, flag, nation, country, banner
ğŸ‡·ğŸ‡¸	serbia	rs, flag, nation, country, banner
ğŸ‡¸ğŸ‡¨	seychelles	sc, flag, nation, country, banner
ğŸ‡¸ğŸ‡±	sierra_leone	sierra, leone, flag, nation, country, banner
ğŸ‡¸ğŸ‡¬	singapore	sg, flag, nation, country, banner
ğŸ‡¸ğŸ‡½	sint_maarten	sint, maarten, dutch, flag, nation, country, banner
ğŸ‡¸ğŸ‡°	slovakia	sk, flag, nation, country, banner
ğŸ‡¸ğŸ‡®	slovenia	si, flag, nation, country, banner
ğŸ‡¸ğŸ‡§	solomon_islands	solomon, islands, flag, nation, country, banner
ğŸ‡¸ğŸ‡´	somalia	so, flag, nation, country, banner
ğŸ‡¿ğŸ‡¦	south_africa	south, africa, flag, nation, country, banner
ğŸ‡¬ğŸ‡¸	south_georgia_south_sandwich_islands	south, georgia, sandwich, islands, flag, nation, country, banner
ğŸ‡°ğŸ‡·	kr	south, korea, nation, flag, country, banner
ğŸ‡¸ğŸ‡¸	south_sudan	south, sd, flag, nation, country, banner
ğŸ‡ªğŸ‡¸	es	spain, flag, nation, country, banner
ğŸ‡±ğŸ‡°	sri_lanka	sri, lanka, flag, nation, country, banner
ğŸ‡¸ğŸ‡©	sudan	sd, flag, nation, country, banner
ğŸ‡¸ğŸ‡·	suriname	sr, flag, nation, country, banner
ğŸ‡¸ğŸ‡¿	swaziland	sz, flag, nation, country, banner
ğŸ‡¸ğŸ‡ª	sweden	se, flag, nation, country, banner
ğŸ‡¨ğŸ‡­	switzerland	ch, flag, nation, country, banner
ğŸ‡¸ğŸ‡¾	syria	syrian, arab, republic, flag, nation, country, banner
ğŸ‡¹ğŸ‡¼	taiwan	tw, flag, nation, country, banner
ğŸ‡¹ğŸ‡¯	tajikistan	tj, flag, nation, country, banner
ğŸ‡¹ğŸ‡¿	tanzania	tanzania,, united, republic, flag, nation, country, banner
ğŸ‡¹ğŸ‡­	thailand	th, flag, nation, country, banner
ğŸ‡¹ğŸ‡±	timor_leste	timor, leste, flag, nation, country, banner
ğŸ‡¹ğŸ‡¬	togo	tg, flag, nation, country, banner
ğŸ‡¹ğŸ‡°	tokelau	tk, flag, nation, country, banner
ğŸ‡¹ğŸ‡´	tonga	to, flag, nation, country, banner
ğŸ‡¹ğŸ‡¹	trinidad_tobago	trinidad, tobago, flag, nation, country, banner
ğŸ‡¹ğŸ‡³	tunisia	tn, flag, nation, country, banner
ğŸ‡¹ğŸ‡·	tr	turkey, flag, nation, country, banner
ğŸ‡¹ğŸ‡²	turkmenistan	flag, nation, country, banner
ğŸ‡¹ğŸ‡¨	turks_caicos_islands	turks, caicos, islands, flag, nation, country, banner
ğŸ‡¹ğŸ‡»	tuvalu	flag, nation, country, banner
ğŸ‡ºğŸ‡¬	uganda	ug, flag, nation, country, banner
ğŸ‡ºğŸ‡¦	ukraine	ua, flag, nation, country, banner
ğŸ‡¦ğŸ‡ª	united_arab_emirates	united, arab, emirates, flag, nation, country, banner
ğŸ‡¬ğŸ‡§	uk	united, kingdom, great, britain, northern, ireland, flag, nation, country, banner, british, UK, english, england, union jack
ğŸ´ó §ó ¢ó ¥ó ®ó §ó ¿	england	flag, english
ğŸ´ó §ó ¢ó ³ó £ó ´ó ¿	scotland	flag, scottish
ğŸ´ó §ó ¢ó ·ó ¬ó ³ó ¿	wales	flag, welsh
ğŸ‡ºğŸ‡¸	us	united, states, america, flag, nation, country, banner
ğŸ‡»ğŸ‡®	us_virgin_islands	virgin, islands, us, flag, nation, country, banner
ğŸ‡ºğŸ‡¾	uruguay	uy, flag, nation, country, banner
ğŸ‡ºğŸ‡¿	uzbekistan	uz, flag, nation, country, banner
ğŸ‡»ğŸ‡º	vanuatu	vu, flag, nation, country, banner
ğŸ‡»ğŸ‡¦	vatican_city	vatican, city, flag, nation, country, banner
ğŸ‡»ğŸ‡ª	venezuela	ve, bolivarian, republic, flag, nation, country, banner
ğŸ‡»ğŸ‡³	vietnam	viet, nam, flag, nation, country, banner
ğŸ‡¼ğŸ‡«	wallis_futuna	wallis, futuna, flag, nation, country, banner
ğŸ‡ªğŸ‡­	western_sahara	western, sahara, flag, nation, country, banner
ğŸ‡¾ğŸ‡ª	yemen	ye, flag, nation, country, banner
ğŸ‡¿ğŸ‡²	zambia	zm, flag, nation, country, banner
ğŸ‡¿ğŸ‡¼	zimbabwe	zw, flag, nation, country, banner
