ğŸ¤£	cara, risa, rodando, rodando pel suelu de risa, suelu
ğŸ˜‚	allegrÃ­a, cara, cara llorando dâ€™allegrÃ­a, llÃ¡rima, risa
ğŸ˜˜	besu, cara, cara tirando un besu
ğŸ˜—	besu, cara, cara besando
â˜ºï¸	cara sorriendo
ğŸ¤³	selfie
ğŸ‘…	cuerpu, llingua
ğŸ‘„	boca, llabios
ğŸ’	besu
ğŸ‘ªï¸	familia
ğŸ’	aniellu, diamante
ğŸ’	diamante, piedra preciosa, xema, xoya
#âƒ£	tecles, tecles: #
*âƒ£	tecles, tecles: *
0âƒ£	tecles, tecles: 0
1âƒ£	tecles, tecles: 1
2âƒ£	tecles, tecles: 2
3âƒ£	tecles, tecles: 3
4âƒ£	tecles, tecles: 4
5âƒ£	tecles, tecles: 5
6âƒ£	tecles, tecles: 6
7âƒ£	tecles, tecles: 7
8âƒ£	tecles, tecles: 8
9âƒ£	tecles, tecles: 9
ğŸ”Ÿ	tecles, tecles: 10
ğŸ‡¦ğŸ‡¨	bandera, bandera: Islla AscensiÃ³n
ğŸ‡¦ğŸ‡©	bandera, bandera: Andorra
ğŸ‡¦ğŸ‡ª	bandera, bandera: Emiratos Ãrabes XunÃ­os
ğŸ‡¦ğŸ‡«	bandera, bandera: AfganistÃ¡n
ğŸ‡¦ğŸ‡¬	bandera, bandera: Antigua y Barbuda
ğŸ‡¦ğŸ‡®	bandera, bandera: Anguila
ğŸ‡¦ğŸ‡±	bandera, bandera: Albania
ğŸ‡¦ğŸ‡²	bandera, bandera: Armenia
ğŸ‡¦ğŸ‡´	bandera, bandera: Angola
ğŸ‡¦ğŸ‡¶	bandera, bandera: Lâ€™AntÃ¡rtida
ğŸ‡¦ğŸ‡·	bandera, bandera: Arxentina
ğŸ‡¦ğŸ‡¸	bandera, bandera: Samoa Americana
ğŸ‡¦ğŸ‡¹	bandera, bandera: Austria
ğŸ‡¦ğŸ‡º	bandera, bandera: Australia
ğŸ‡¦ğŸ‡¼	bandera, bandera: Aruba
ğŸ‡¦ğŸ‡½	bandera, bandera: Islles Aland
ğŸ‡¦ğŸ‡¿	bandera, bandera: AzerbaixÃ¡n
ğŸ‡§ğŸ‡¦	bandera, bandera: Bosnia y Herzegovina
ğŸ‡§ğŸ‡§	bandera, bandera: Barbados
ğŸ‡§ğŸ‡©	bandera, bandera: Bangladex
ğŸ‡§ğŸ‡ª	bandera, bandera: BÃ©lxica
ğŸ‡§ğŸ‡«	bandera, bandera: Burkina Fasu
ğŸ‡§ğŸ‡¬	bandera, bandera: Bulgaria
ğŸ‡§ğŸ‡­	bandera, bandera: Baá¸¥rÃ©in
ğŸ‡§ğŸ‡®	bandera, bandera: Burundi
ğŸ‡§ğŸ‡¯	bandera, bandera: BenÃ­n
ğŸ‡§ğŸ‡±	bandera, bandera: San BartolomÃ©
ğŸ‡§ğŸ‡²	bandera, bandera: Les Bermudes
ğŸ‡§ğŸ‡³	bandera, bandera: BrunÃ©i
ğŸ‡§ğŸ‡´	bandera, bandera: Bolivia
ğŸ‡§ğŸ‡¶	bandera, bandera: Caribe neerlandÃ©s
ğŸ‡§ğŸ‡·	bandera, bandera: Brasil
ğŸ‡§ğŸ‡¸	bandera, bandera: Les Bahames
ğŸ‡§ğŸ‡¹	bandera, bandera: ButÃ¡n
ğŸ‡§ğŸ‡»	bandera, bandera: Islla Bouvet
ğŸ‡§ğŸ‡¼	bandera, bandera: Botsuana
ğŸ‡§ğŸ‡¾	bandera, bandera: Bielorrusia
ğŸ‡§ğŸ‡¿	bandera, bandera: Belize
ğŸ‡¨ğŸ‡¦	bandera, bandera: CanadÃ¡
ğŸ‡¨ğŸ‡¨	bandera, bandera: Islles Cocos (Keeling)
ğŸ‡¨ğŸ‡©	bandera, bandera: Congu - Kinxasa
ğŸ‡¨ğŸ‡«	bandera, bandera: RepÃºblica Centroafricana
ğŸ‡¨ğŸ‡¬	bandera, bandera: Congu - Brazzaville
ğŸ‡¨ğŸ‡­	bandera, bandera: Suiza
ğŸ‡¨ğŸ‡®	bandera, bandera: Costa de Marfil
ğŸ‡¨ğŸ‡°	bandera, bandera: Islles Cook
ğŸ‡¨ğŸ‡±	bandera, bandera: Chile
ğŸ‡¨ğŸ‡²	bandera, bandera: CamerÃºn
ğŸ‡¨ğŸ‡³	bandera, bandera: China
ğŸ‡¨ğŸ‡´	bandera, bandera: Colombia
ğŸ‡¨ğŸ‡µ	bandera, bandera: Islla Clipperton
ğŸ‡¨ğŸ‡·	bandera, bandera: Costa Rica
ğŸ‡¨ğŸ‡º	bandera, bandera: Cuba
ğŸ‡¨ğŸ‡»	bandera, bandera: Cabu Verde
ğŸ‡¨ğŸ‡¼	bandera, bandera: CuraÃ§ao
ğŸ‡¨ğŸ‡½	bandera, bandera: Islla Christmas
ğŸ‡¨ğŸ‡¾	bandera, bandera: Xipre
ğŸ‡¨ğŸ‡¿	bandera, bandera: Chequia
ğŸ‡©ğŸ‡ª	bandera, bandera: AlemaÃ±a
ğŸ‡©ğŸ‡¬	bandera, bandera: Diego Garcia
ğŸ‡©ğŸ‡¯	bandera, bandera: Xibuti
ğŸ‡©ğŸ‡°	bandera, bandera: Dinamarca
ğŸ‡©ğŸ‡²	bandera, bandera: Dominica
ğŸ‡©ğŸ‡´	bandera, bandera: RepÃºblica Dominicana
ğŸ‡©ğŸ‡¿	bandera, bandera: Arxelia
ğŸ‡ªğŸ‡¦	bandera, bandera: Ceuta y Melilla
ğŸ‡ªğŸ‡¨	bandera, bandera: Ecuador
ğŸ‡ªğŸ‡ª	bandera, bandera: Estonia
ğŸ‡ªğŸ‡¬	bandera, bandera: Exiptu
ğŸ‡ªğŸ‡­	bandera, bandera: SÃ¡á¸¥ara Occidental
ğŸ‡ªğŸ‡·	bandera, bandera: Eritrea
ğŸ‡ªğŸ‡¸	bandera, bandera: EspaÃ±a
ğŸ‡ªğŸ‡¹	bandera, bandera: EtiopÃ­a
ğŸ‡ªğŸ‡º	bandera, bandera: XuniÃ³n Europea
ğŸ‡«ğŸ‡®	bandera, bandera: Finlandia
ğŸ‡«ğŸ‡¯	bandera, bandera: Islles Fixi
ğŸ‡«ğŸ‡°	bandera, bandera: Falkland Islands
ğŸ‡«ğŸ‡²	bandera, bandera: Micronesia
ğŸ‡«ğŸ‡´	bandera, bandera: Islles Feroe
ğŸ‡«ğŸ‡·	bandera, bandera: Francia
ğŸ‡¬ğŸ‡¦	bandera, bandera: GabÃ³n
ğŸ‡¬ğŸ‡§	bandera, bandera: Reinu XunÃ­u
ğŸ‡¬ğŸ‡©	bandera, bandera: Granada
ğŸ‡¬ğŸ‡ª	bandera, bandera: Xeorxa
ğŸ‡¬ğŸ‡«	bandera, bandera: Guyana Francesa
ğŸ‡¬ğŸ‡¬	bandera, bandera: Guernsey
ğŸ‡¬ğŸ‡­	bandera, bandera: Ghana
ğŸ‡¬ğŸ‡®	bandera, bandera: Xibraltar
ğŸ‡¬ğŸ‡±	bandera, bandera: Groenlandia
ğŸ‡¬ğŸ‡²	bandera, bandera: Gambia
ğŸ‡¬ğŸ‡³	bandera, bandera: Guinea
ğŸ‡¬ğŸ‡µ	bandera, bandera: Guadalupe
ğŸ‡¬ğŸ‡¶	bandera, bandera: Guinea Ecuatorial
ğŸ‡¬ğŸ‡·	bandera, bandera: Grecia
ğŸ‡¬ğŸ‡¸	bandera, bandera: Islles Xeorxa del Sur y Sandwich del Sur
ğŸ‡¬ğŸ‡¹	bandera, bandera: Guatemala
ğŸ‡¬ğŸ‡º	bandera, bandera: Guam
ğŸ‡¬ğŸ‡¼	bandera, bandera: Guinea-BisÃ¡u
ğŸ‡¬ğŸ‡¾	bandera, bandera: Guyana
ğŸ‡­ğŸ‡°	bandera, bandera: ARE China de á¸¤ong Kong
ğŸ‡­ğŸ‡²	bandera, bandera: Islles Heard y McDonald
ğŸ‡­ğŸ‡³	bandera, bandera: Hondures
ğŸ‡­ğŸ‡·	bandera, bandera: Croacia
ğŸ‡­ğŸ‡¹	bandera, bandera: HaitÃ­
ğŸ‡­ğŸ‡º	bandera, bandera: HungrÃ­a
ğŸ‡®ğŸ‡¨	bandera, bandera: Islles Canaries
ğŸ‡®ğŸ‡©	bandera, bandera: Indonesia
ğŸ‡®ğŸ‡ª	bandera, bandera: Irlanda
ğŸ‡®ğŸ‡±	bandera, bandera: Israel
ğŸ‡®ğŸ‡²	bandera, bandera: Islla de Man
ğŸ‡®ğŸ‡³	bandera, bandera: India
ğŸ‡®ğŸ‡´	bandera, bandera: Territoriu BritÃ¡nicu del OcÃ©anu Ãndicu
ğŸ‡®ğŸ‡¶	bandera, bandera: Iraq
ğŸ‡®ğŸ‡·	bandera, bandera: IrÃ¡n
ğŸ‡®ğŸ‡¸	bandera, bandera: Islandia
ğŸ‡®ğŸ‡¹	bandera, bandera: Italia
ğŸ‡¯ğŸ‡ª	bandera, bandera: Jersey
ğŸ‡¯ğŸ‡²	bandera, bandera: Xamaica
ğŸ‡¯ğŸ‡´	bandera, bandera: Xordania
ğŸ‡¯ğŸ‡µ	bandera, bandera: XapÃ³n
ğŸ‡°ğŸ‡ª	bandera, bandera: Kenia
ğŸ‡°ğŸ‡¬	bandera, bandera: KirguistÃ¡n
ğŸ‡°ğŸ‡­	bandera, bandera: Camboya
ğŸ‡°ğŸ‡®	bandera, bandera: Kiribati
ğŸ‡°ğŸ‡²	bandera, bandera: Les Comores
ğŸ‡°ğŸ‡³	bandera, bandera: Saint Kitts y Nevis
ğŸ‡°ğŸ‡µ	bandera, bandera: Corea del Norte
ğŸ‡°ğŸ‡·	bandera, bandera: Corea del Sur
ğŸ‡°ğŸ‡¼	bandera, bandera: Kuwait
ğŸ‡°ğŸ‡¾	bandera, bandera: Islles CaimÃ¡n
ğŸ‡°ğŸ‡¿	bandera, bandera: KazakstÃ¡n
ğŸ‡±ğŸ‡¦	bandera, bandera: Laos
ğŸ‡±ğŸ‡§	bandera, bandera: LÃ­banu
ğŸ‡±ğŸ‡¨	bandera, bandera: Santa LlucÃ­a
ğŸ‡±ğŸ‡®	bandera, bandera: Liechtenstein
ğŸ‡±ğŸ‡°	bandera, bandera: Sri Lanka
ğŸ‡±ğŸ‡·	bandera, bandera: Liberia
ğŸ‡±ğŸ‡¸	bandera, bandera: Lesothu
ğŸ‡±ğŸ‡¹	bandera, bandera: Lituania
ğŸ‡±ğŸ‡º	bandera, bandera: Luxemburgu
ğŸ‡±ğŸ‡»	bandera, bandera: Letonia
ğŸ‡±ğŸ‡¾	bandera, bandera: Libia
ğŸ‡²ğŸ‡¦	bandera, bandera: Marruecos
ğŸ‡²ğŸ‡¨	bandera, bandera: MÃ³nacu
ğŸ‡²ğŸ‡©	bandera, bandera: Moldavia
ğŸ‡²ğŸ‡ª	bandera, bandera: Montenegru
ğŸ‡²ğŸ‡«	bandera, bandera: Saint Martin
ğŸ‡²ğŸ‡¬	bandera, bandera: Madagascar
ğŸ‡²ğŸ‡­	bandera, bandera: Islles Marshall
ğŸ‡²ğŸ‡°	bandera, bandera: Macedonia
ğŸ‡²ğŸ‡±	bandera, bandera: MalÃ­
ğŸ‡²ğŸ‡²	bandera, bandera: Myanmar (Birmania)
ğŸ‡²ğŸ‡³	bandera, bandera: Mongolia
ğŸ‡²ğŸ‡´	bandera, bandera: ARE China de MacÃ¡u
ğŸ‡²ğŸ‡µ	bandera, bandera: Islles Marianes del Norte
ğŸ‡²ğŸ‡¶	bandera, bandera: La Martinica
ğŸ‡²ğŸ‡·	bandera, bandera: Mauritania
ğŸ‡²ğŸ‡¸	bandera, bandera: Montserrat
ğŸ‡²ğŸ‡¹	bandera, bandera: Malta
ğŸ‡²ğŸ‡º	bandera, bandera: Mauriciu
ğŸ‡²ğŸ‡»	bandera, bandera: Les Maldives
ğŸ‡²ğŸ‡¼	bandera, bandera: Malaui
ğŸ‡²ğŸ‡½	bandera, bandera: MÃ©xicu
ğŸ‡²ğŸ‡¾	bandera, bandera: Malasia
ğŸ‡²ğŸ‡¿	bandera, bandera: Mozambique
ğŸ‡³ğŸ‡¦	bandera, bandera: Namibia
ğŸ‡³ğŸ‡¨	bandera, bandera: Nueva Caledonia
ğŸ‡³ğŸ‡ª	bandera, bandera: El NÃ­xer
ğŸ‡³ğŸ‡«	bandera, bandera: Islla Norfolk
ğŸ‡³ğŸ‡¬	bandera, bandera: Nixeria
ğŸ‡³ğŸ‡®	bandera, bandera: Nicaragua
ğŸ‡³ğŸ‡±	bandera, bandera: PaÃ­ses Baxos
ğŸ‡³ğŸ‡´	bandera, bandera: Noruega
ğŸ‡³ğŸ‡µ	bandera, bandera: Nepal
ğŸ‡³ğŸ‡·	bandera, bandera: Nauru
ğŸ‡³ğŸ‡º	bandera, bandera: Niue
ğŸ‡³ğŸ‡¿	bandera, bandera: Nueva Zelanda
ğŸ‡´ğŸ‡²	bandera, bandera: OmÃ¡n
ğŸ‡µğŸ‡¦	bandera, bandera: PanamÃ¡
ğŸ‡µğŸ‡ª	bandera, bandera: PerÃº
ğŸ‡µğŸ‡«	bandera, bandera: Polinesia Francesa
ğŸ‡µğŸ‡¬	bandera, bandera: PapÃºa Nueva Guinea
ğŸ‡µğŸ‡­	bandera, bandera: Filipines
ğŸ‡µğŸ‡°	bandera, bandera: PaquistÃ¡n
ğŸ‡µğŸ‡±	bandera, bandera: Polonia
ğŸ‡µğŸ‡²	bandera, bandera: Saint Pierre y Miquelon
ğŸ‡µğŸ‡³	bandera, bandera: Islles Pitcairn
ğŸ‡µğŸ‡·	bandera, bandera: Puertu Ricu
ğŸ‡µğŸ‡¸	bandera, bandera: Territorios Palestinos
ğŸ‡µğŸ‡¹	bandera, bandera: Portugal
ğŸ‡µğŸ‡¼	bandera, bandera: PalÃ¡u
ğŸ‡µğŸ‡¾	bandera, bandera: ParaguÃ¡i
ğŸ‡¶ğŸ‡¦	bandera, bandera: Qatar
ğŸ‡·ğŸ‡ª	bandera, bandera: ReuniÃ³n
ğŸ‡·ğŸ‡´	bandera, bandera: RumanÃ­a
ğŸ‡·ğŸ‡¸	bandera, bandera: Serbia
ğŸ‡·ğŸ‡º	bandera, bandera: Rusia
ğŸ‡·ğŸ‡¼	bandera, bandera: Ruanda
ğŸ‡¸ğŸ‡¦	bandera, bandera: Arabia Saudita
ğŸ‡¸ğŸ‡§	bandera, bandera: Islles SalomÃ³n
ğŸ‡¸ğŸ‡¨	bandera, bandera: Les Seixeles
ğŸ‡¸ğŸ‡©	bandera, bandera: SudÃ¡n
ğŸ‡¸ğŸ‡ª	bandera, bandera: Suecia
ğŸ‡¸ğŸ‡¬	bandera, bandera: Singapur
ğŸ‡¸ğŸ‡­	bandera, bandera: Santa Helena
ğŸ‡¸ğŸ‡®	bandera, bandera: Eslovenia
ğŸ‡¸ğŸ‡¯	bandera, bandera: Svalbard ya Islla Jan Mayen
ğŸ‡¸ğŸ‡°	bandera, bandera: Eslovaquia
ğŸ‡¸ğŸ‡±	bandera, bandera: Sierra Lleona
ğŸ‡¸ğŸ‡²	bandera, bandera: San MarÃ­n
ğŸ‡¸ğŸ‡³	bandera, bandera: Senegal
ğŸ‡¸ğŸ‡´	bandera, bandera: Somalia
ğŸ‡¸ğŸ‡·	bandera, bandera: Surinam
ğŸ‡¸ğŸ‡¸	bandera, bandera: SudÃ¡n del Sur
ğŸ‡¸ğŸ‡¹	bandera, bandera: Santu TomÃ© y PrÃ­ncipe
ğŸ‡¸ğŸ‡»	bandera, bandera: El Salvador
ğŸ‡¸ğŸ‡½	bandera, bandera: Sint Maarten
ğŸ‡¸ğŸ‡¾	bandera, bandera: Siria
ğŸ‡¸ğŸ‡¿	bandera, bandera: Suazilandia
ğŸ‡¹ğŸ‡¦	bandera, bandera: TristÃ¡n da Cunha
ğŸ‡¹ğŸ‡¨	bandera, bandera: Islles Turques y Caicos
ğŸ‡¹ğŸ‡©	bandera, bandera: Chad
ğŸ‡¹ğŸ‡«	bandera, bandera: Tierres Australes Franceses
ğŸ‡¹ğŸ‡¬	bandera, bandera: Togu
ğŸ‡¹ğŸ‡­	bandera, bandera: Tailandia
ğŸ‡¹ğŸ‡¯	bandera, bandera: TaxiquistÃ¡n
ğŸ‡¹ğŸ‡°	bandera, bandera: TokelÃ¡u
ğŸ‡¹ğŸ‡±	bandera, bandera: Timor Oriental
ğŸ‡¹ğŸ‡²	bandera, bandera: TurkmenistÃ¡n
ğŸ‡¹ğŸ‡³	bandera, bandera: Tunicia
ğŸ‡¹ğŸ‡´	bandera, bandera: Tonga
ğŸ‡¹ğŸ‡·	bandera, bandera: TurquÃ­a
ğŸ‡¹ğŸ‡¹	bandera, bandera: TrinidÃ¡ y Tobagu
ğŸ‡¹ğŸ‡»	bandera, bandera: Tuvalu
ğŸ‡¹ğŸ‡¼	bandera, bandera: TaiwÃ¡n
ğŸ‡¹ğŸ‡¿	bandera, bandera: Tanzania
ğŸ‡ºğŸ‡¦	bandera, bandera: UcraÃ­na
ğŸ‡ºğŸ‡¬	bandera, bandera: Uganda
ğŸ‡ºğŸ‡²	bandera, bandera: Islles PerifÃ©riques Menores de los EE.XX.
ğŸ‡ºğŸ‡³	bandera, bandera: Naciones XunÃ­es
ğŸ‡ºğŸ‡¸	bandera, bandera: Estaos XunÃ­os
ğŸ‡ºğŸ‡¾	bandera, bandera: UruguÃ¡i
ğŸ‡ºğŸ‡¿	bandera, bandera: UzbequistÃ¡n
ğŸ‡»ğŸ‡¦	bandera, bandera: CiudÃ¡ del Vaticanu
ğŸ‡»ğŸ‡¨	bandera, bandera: San Vicente y Granadines
ğŸ‡»ğŸ‡ª	bandera, bandera: Venezuela
ğŸ‡»ğŸ‡¬	bandera, bandera: Islles VÃ­rxenes BritÃ¡niques
ğŸ‡»ğŸ‡®	bandera, bandera: Islles VÃ­rxenes Americanes
ğŸ‡»ğŸ‡³	bandera, bandera: Vietnam
ğŸ‡»ğŸ‡º	bandera, bandera: Vanuatu
ğŸ‡¼ğŸ‡«	bandera, bandera: Wallis y Futuna
ğŸ‡¼ğŸ‡¸	bandera, bandera: Samoa
ğŸ‡½ğŸ‡°	bandera, bandera: Kosovu
ğŸ‡¾ğŸ‡ª	bandera, bandera: Yemen
ğŸ‡¾ğŸ‡¹	bandera, bandera: Mayotte
ğŸ‡¿ğŸ‡¦	bandera, bandera: SudÃ¡frica
ğŸ‡¿ğŸ‡²	bandera, bandera: Zambia
ğŸ‡¿ğŸ‡¼	bandera, bandera: Zimbabue
