ğŸ˜€	cara, cara sonriendo, contento, divertido, sonrisa
ğŸ˜ƒ	cara sonriendo con ojos grandes
ğŸ˜„	boca abierta, cara sonriendo con ojos sonrientes, divertido, risa, sonrisa
ğŸ˜	cara radiante con ojos sonrientes
ğŸ˜†	cara sonriendo con los ojos cerrados
ğŸ˜…	cara sonriendo con sudor frÃ­o
ğŸ˜‚	cara llorando de felicidad
ğŸ™‚	cara sonriendo ligeramente
ğŸ˜‰	cara, cara guiÃ±ando el ojo, guiÃ±o
ğŸ˜Š	cara, cara feliz con ojos sonrientes, ojos sonrientes, sonrisa
ğŸ˜‡	cara sonriendo con aureola
ğŸ¥°	cara sonriente con 4 corazones
ğŸ˜	cara sonriendo con ojos de corazÃ³n
ğŸ˜˜	cara lanzando un beso
ğŸ˜—	cara, cara dando un beso
ğŸ˜š	beso, cara, cara besando con los ojos cerrados, cerrados, ojos
ğŸ˜™	cara besando con ojos sonrientes
ğŸ˜‹	broma, cara saboreando comida, delicioso, rico, sonriente
ğŸ¤ª	cara de loco
ğŸ˜	cara con ojos cerrados y sacando la lengua
ğŸ¤”	cara, cara pensante, cara pensativa, duda, pensar
ğŸ¤	boca, cara, cara con la boca cerrada con cierre, cara con la boca cerrada con cremallera, zipper
ğŸ˜‘	cara sin expresiÃ³n
ğŸ˜	cara sonriendo con superioridad
ğŸ™„	cara con ojos en blanco
ğŸ¤•	cara, cara con la cabeza vendada, dolor, herido, vendas
ğŸ¤§	cara, cara estornudando, estornudar, estornudo, resfrÃ­o
ğŸ¥µ	cara de calor
ğŸ¥¶	cara de frÃ­o
ğŸ¥´	cara de mareo
ğŸ˜µ	cara, cara mareada, mareado
ğŸ¥³	cara de fiesta
ğŸ˜	cara sonriendo con lentes de sol
ğŸ˜Ÿ	cara, cara preocupada, preocupado
ğŸ˜®	cara con boca abierta, cara con la boca abierta, empatÃ­a, sorpresa
ğŸ˜³	avergonzado, cara sonrojada, sonrojado, sorprendido, sorpresa, vergÃ¼enza
ğŸ¥º	cara de sÃºplica
ğŸ˜¦	abierta, boca, cara, cara con el ceÃ±o fruncido y la boca abierta
ğŸ˜§	cara angustiada
ğŸ˜¨	cara asustada
ğŸ˜°	cara con ansiedad y sudor
ğŸ˜¥	cara triste pero aliviada
ğŸ˜¢	cara llorando, llanto, llorar, triste, tristeza
ğŸ˜±	cara gritando de miedo, grito, horror, miedo, terror
ğŸ˜£	cara perseverante
ğŸ˜	cara, cara decepcionada, decepcionado, decepciÃ³n
ğŸ˜©	cara agotada
ğŸ˜«	cara cansada
ğŸ˜¤	cara resoplando
ğŸ˜¡	cara de furioso
ğŸ˜ 	cara, cara enfadada, enojado, enojo
ğŸ˜ˆ	cara malvada sonriendo con cuernos
ğŸ‘¿	cara malvada enfadada con cuernos
ğŸ’€	calavera
â˜ ï¸	calavera y huesos cruzados, cara, huesos
ğŸ’©	caca con ojos, cara, estiÃ©rcol, gracioso
ğŸ‘¹	demonio japonÃ©s oni, fantasÃ­a, japonÃ©s, ogro, oni
ğŸ‘º	cara, cuento, demonio, demonio japonÃ©s tengu, japonÃ©s, tengu
ğŸ‘½ï¸	alienÃ­gena
ğŸ‘¾	monstruo alienÃ­gena
ğŸ¤–	cara de robot
ğŸ˜º	cara de gato sonriendo
ğŸ˜¸	cara de gato sonriendo con ojos sonrientes
ğŸ˜¹	cara de gato llorando de risa, gato llorando de risa
ğŸ˜»	gato con ojos de corazÃ³n
ğŸ˜¼	cara de gato con sonrisa irÃ³nica
ğŸ˜½	cara de gato besando
ğŸ™ˆ	mono con los ojos tapados
ğŸ™‰	mono con los oÃ­dos tapados
ğŸ™Š	cara, mono, mono con la boca tapada, no hablar
ğŸ’	corazÃ³n con lazo
ğŸ’—	corazÃ³n creciente
ğŸ’“	corazÃ³n latiendo
ğŸ’	corazones giratorios
ğŸ’Ÿ	adorno de corazÃ³n
ğŸ’”	corazÃ³n, mal, roto, sufrir, triste
ğŸ’¢	cÃ³mics, emociÃ³n, seÃ±al de enojo, sÃ­mbolo de enfado
ğŸ’«	emociÃ³n, estrellas, mareo, sÃ­mbolo de mareo, ver
ğŸ’¨	corriendo, emociÃ³n, escapar, escape, orrer, salir corriendo
ğŸ’¬	burbuja, cÃ³mic, diÃ¡logo, globo, globo de diÃ¡logo
ğŸ‘â€ğŸ—¨	ojo en un globo de texto
ğŸ—¨ï¸	burbuja, cÃ³mic, diÃ¡logo, globo, globo de diÃ¡logo izquierdo
ğŸ—¯ï¸	burbuja, cÃ³mic, derecho, enojado, globo, globo de enojo derecho
ğŸ’­	burbuja, cÃ³mic, globo, globo de pensamiento, pensamiento
ğŸ’¤	cÃ³mics, emociÃ³n, estar durmiendo, roncar, sÃ­mbolo de sueÃ±o
ğŸ––	saludo, spock, star, trek, vulcano
ğŸ––ğŸ»	saludo, spock, star, tono de piel claro, trek, vulcano
ğŸ––ğŸ¼	saludo, spock, star, tono de piel claro medio, trek, vulcano
ğŸ––ğŸ½	saludo, spock, star, tono de piel medio, trek, vulcano
ğŸ––ğŸ¾	saludo, spock, star, tono de piel oscuro medio, trek, vulcano
ğŸ––ğŸ¿	saludo, spock, star, tono de piel oscuro, trek, vulcano
ğŸ‘Œ	seÃ±al de aprobaciÃ³n con la mano
ğŸ‘ŒğŸ»	seÃ±al de aprobaciÃ³n con la mano, seÃ±al de aprobaciÃ³n con la mano: tono de piel claro, tono de piel claro
ğŸ‘ŒğŸ¼	seÃ±al de aprobaciÃ³n con la mano, seÃ±al de aprobaciÃ³n con la mano: tono de piel claro medio, tono de piel claro medio
ğŸ‘ŒğŸ½	seÃ±al de aprobaciÃ³n con la mano, seÃ±al de aprobaciÃ³n con la mano: tono de piel medio, tono de piel medio
ğŸ‘ŒğŸ¾	seÃ±al de aprobaciÃ³n con la mano, seÃ±al de aprobaciÃ³n con la mano: tono de piel oscuro medio, tono de piel oscuro medio
ğŸ‘ŒğŸ¿	seÃ±al de aprobaciÃ³n con la mano, seÃ±al de aprobaciÃ³n con la mano: tono de piel oscuro, tono de piel oscuro
âœŒï¸	amor y paz, mano con seÃ±al de victoria, tijera, victoria
âœŒğŸ»	amor y paz, mano con seÃ±al de victoria, mano con seÃ±al de victoria: tono de piel claro, tijera, tono de piel claro, victoria
âœŒğŸ¼	amor y paz, mano con seÃ±al de victoria, mano con seÃ±al de victoria: tono de piel claro medio, tijera, tono de piel claro medio, victoria
âœŒğŸ½	amor y paz, mano con seÃ±al de victoria, mano con seÃ±al de victoria: tono de piel medio, tijera, tono de piel medio, victoria
âœŒğŸ¾	amor y paz, mano con seÃ±al de victoria, mano con seÃ±al de victoria: tono de piel oscuro medio, tijera, tono de piel oscuro medio, victoria
âœŒğŸ¿	amor y paz, mano con seÃ±al de victoria, mano con seÃ±al de victoria: tono de piel oscuro, tijera, tono de piel oscuro, victoria
ğŸ¤˜	cuernos, dedos, mano haciendo los cuernos, rock, roll
ğŸ¤˜ğŸ»	cuernos, dedos, mano haciendo los cuernos, mano haciendo los cuernos: tono de piel claro, rock, roll, tono de piel claro
ğŸ¤˜ğŸ¼	cuernos, dedos, mano haciendo los cuernos, mano haciendo los cuernos: tono de piel claro medio, rock, roll, tono de piel claro medio
ğŸ¤˜ğŸ½	cuernos, dedos, mano haciendo los cuernos, mano haciendo los cuernos: tono de piel medio, rock, roll, tono de piel medio
ğŸ¤˜ğŸ¾	cuernos, dedos, mano haciendo los cuernos, mano haciendo los cuernos: tono de piel oscuro medio, rock, roll, tono de piel oscuro medio
ğŸ¤˜ğŸ¿	cuernos, dedos, mano haciendo los cuernos, mano haciendo los cuernos: tono de piel oscuro, rock, roll, tono de piel oscuro
ğŸ¤™	gesto, llamada, mano, mano haciendo el gesto de llamar
ğŸ¤™ğŸ»	gesto, llamada, mano, mano haciendo el gesto de llamar, mano haciendo el gesto de llamar: tono de piel claro, tono de piel claro
ğŸ¤™ğŸ¼	gesto, llamada, mano, mano haciendo el gesto de llamar, mano haciendo el gesto de llamar: tono de piel claro medio, tono de piel claro medio
ğŸ¤™ğŸ½	gesto, llamada, mano, mano haciendo el gesto de llamar, mano haciendo el gesto de llamar: tono de piel medio, tono de piel medio
ğŸ¤™ğŸ¾	gesto, llamada, mano, mano haciendo el gesto de llamar, mano haciendo el gesto de llamar: tono de piel oscuro medio, tono de piel oscuro medio
ğŸ¤™ğŸ¿	gesto, llamada, mano, mano haciendo el gesto de llamar, mano haciendo el gesto de llamar: tono de piel oscuro, tono de piel oscuro
ğŸ‘ˆï¸	mano con dedo Ã­ndice hacia la izquierda
ğŸ‘ˆğŸ»	mano con dedo Ã­ndice hacia la izquierda, mano con dedo Ã­ndice hacia la izquierda: tono de piel claro, tono de piel claro
ğŸ‘ˆğŸ¼	mano con dedo Ã­ndice hacia la izquierda, mano con dedo Ã­ndice hacia la izquierda: tono de piel claro medio, tono de piel claro medio
ğŸ‘ˆğŸ½	mano con dedo Ã­ndice hacia la izquierda, mano con dedo Ã­ndice hacia la izquierda: tono de piel medio, tono de piel medio
ğŸ‘ˆğŸ¾	mano con dedo Ã­ndice hacia la izquierda, mano con dedo Ã­ndice hacia la izquierda: tono de piel oscuro medio, tono de piel oscuro medio
ğŸ‘ˆğŸ¿	mano con dedo Ã­ndice hacia la izquierda, mano con dedo Ã­ndice hacia la izquierda: tono de piel oscuro, tono de piel oscuro
ğŸ‘‰ï¸	mano con dedo Ã­ndice hacia la derecha
ğŸ‘‰ğŸ»	mano con dedo Ã­ndice hacia la derecha, mano con dedo Ã­ndice hacia la derecha: tono de piel claro, tono de piel claro
ğŸ‘‰ğŸ¼	mano con dedo Ã­ndice hacia la derecha, mano con dedo Ã­ndice hacia la derecha: tono de piel claro medio, tono de piel claro medio
ğŸ‘‰ğŸ½	mano con dedo Ã­ndice hacia la derecha, mano con dedo Ã­ndice hacia la derecha: tono de piel medio, tono de piel medio
ğŸ‘‰ğŸ¾	mano con dedo Ã­ndice hacia la derecha, mano con dedo Ã­ndice hacia la derecha: tono de piel oscuro medio, tono de piel oscuro medio
ğŸ‘‰ğŸ¿	mano con dedo Ã­ndice hacia la derecha, mano con dedo Ã­ndice hacia la derecha: tono de piel oscuro, tono de piel oscuro
ğŸ–•	dedo, dedo medio hacia arriba, insulto, mano, medio
ğŸ–•ğŸ»	dedo, dedo medio hacia arriba, dedo medio hacia arriba: tono de piel claro, insulto, mano, medio, tono de piel claro
ğŸ–•ğŸ¼	dedo, dedo medio hacia arriba, dedo medio hacia arriba: tono de piel claro medio, insulto, mano, medio, tono de piel claro medio
ğŸ–•ğŸ½	dedo, dedo medio hacia arriba, dedo medio hacia arriba: tono de piel medio, insulto, mano, medio, tono de piel medio
ğŸ–•ğŸ¾	dedo, dedo medio hacia arriba, dedo medio hacia arriba: tono de piel oscuro medio, insulto, mano, medio, tono de piel oscuro medio
ğŸ–•ğŸ¿	dedo, dedo medio hacia arriba, dedo medio hacia arriba: tono de piel oscuro, insulto, mano, medio, tono de piel oscuro
ğŸ‘‡ï¸	abajo, apuntar, dorso de mano con dedo Ã­ndice hacia abajo, mano, seÃ±alar, Ã­ndice
ğŸ‘‡ğŸ»	abajo, apuntar, dorso de mano con dedo Ã­ndice hacia abajo, mano, seÃ±alar, tono de piel claro, Ã­ndice
ğŸ‘‡ğŸ¼	abajo, apuntar, dorso de mano con dedo Ã­ndice hacia abajo, mano, seÃ±alar, tono de piel claro medio, Ã­ndice
ğŸ‘‡ğŸ½	abajo, apuntar, dorso de mano con dedo Ã­ndice hacia abajo, mano, seÃ±alar, tono de piel medio, Ã­ndice
ğŸ‘‡ğŸ¾	abajo, apuntar, dorso de mano con dedo Ã­ndice hacia abajo, mano, seÃ±alar, tono de piel oscuro medio, Ã­ndice
ğŸ‘‡ğŸ¿	abajo, apuntar, dorso de mano con dedo Ã­ndice hacia abajo, mano, seÃ±alar, tono de piel oscuro, Ã­ndice
â˜ï¸	apuntar, arriba, dedo Ã­ndice hacia arriba, seÃ±alar, Ã­ndice
â˜ğŸ»	apuntar, arriba, dedo Ã­ndice hacia arriba, seÃ±alar, tono de piel claro, Ã­ndice
â˜ğŸ¼	apuntar, arriba, dedo Ã­ndice hacia arriba, seÃ±alar, tono de piel claro medio, Ã­ndice
â˜ğŸ½	apuntar, arriba, dedo Ã­ndice hacia arriba, seÃ±alar, tono de piel medio, Ã­ndice
â˜ğŸ¾	apuntar, arriba, dedo Ã­ndice hacia arriba, seÃ±alar, tono de piel oscuro medio, Ã­ndice
â˜ğŸ¿	apuntar, arriba, dedo Ã­ndice hacia arriba, seÃ±alar, tono de piel oscuro, Ã­ndice
âœŠ	puÃ±o en alto
âœŠğŸ»	puÃ±o en alto, puÃ±o en alto: tono de piel claro, tono de piel claro
âœŠğŸ¼	puÃ±o en alto, puÃ±o en alto: tono de piel claro medio, tono de piel claro medio
âœŠğŸ½	puÃ±o en alto, puÃ±o en alto: tono de piel medio, tono de piel medio
âœŠğŸ¾	puÃ±o en alto, puÃ±o en alto: tono de piel oscuro medio, tono de piel oscuro medio
âœŠğŸ¿	puÃ±o en alto, puÃ±o en alto: tono de piel oscuro, tono de piel oscuro
ğŸ¤›	izquierda, puÃ±o, puÃ±o hacia la izquierda
ğŸ¤›ğŸ»	izquierda, puÃ±o, puÃ±o hacia la izquierda, puÃ±o hacia la izquierda: tono de piel claro, tono de piel claro
ğŸ¤›ğŸ¼	izquierda, puÃ±o, puÃ±o hacia la izquierda, puÃ±o hacia la izquierda: tono de piel claro medio, tono de piel claro medio
ğŸ¤›ğŸ½	izquierda, puÃ±o, puÃ±o hacia la izquierda, puÃ±o hacia la izquierda: tono de piel medio, tono de piel medio
ğŸ¤›ğŸ¾	izquierda, puÃ±o, puÃ±o hacia la izquierda, puÃ±o hacia la izquierda: tono de piel oscuro medio, tono de piel oscuro medio
ğŸ¤›ğŸ¿	izquierda, puÃ±o, puÃ±o hacia la izquierda, puÃ±o hacia la izquierda: tono de piel oscuro, tono de piel oscuro
ğŸ¤œ	derecha, puÃ±o, puÃ±o hacia la derecha
ğŸ¤œğŸ»	derecha, puÃ±o, puÃ±o hacia la derecha, puÃ±o hacia la derecha: tono de piel claro, tono de piel claro
ğŸ¤œğŸ¼	derecha, puÃ±o, puÃ±o hacia la derecha, puÃ±o hacia la derecha: tono de piel claro medio, tono de piel claro medio
ğŸ¤œğŸ½	derecha, puÃ±o, puÃ±o hacia la derecha, puÃ±o hacia la derecha: tono de piel medio, tono de piel medio
ğŸ¤œğŸ¾	derecha, puÃ±o, puÃ±o hacia la derecha, puÃ±o hacia la derecha: tono de piel oscuro medio, tono de piel oscuro medio
ğŸ¤œğŸ¿	derecha, puÃ±o, puÃ±o hacia la derecha, puÃ±o hacia la derecha: tono de piel oscuro, tono de piel oscuro
ğŸ™Œ	chocar, cinco, festejo, manos, manos levantadas celebrando
ğŸ™ŒğŸ»	chocar, cinco, festejo, manos, manos levantadas celebrando, manos levantadas celebrando: tono de piel claro, tono de piel claro
ğŸ™ŒğŸ¼	chocar, cinco, festejo, manos, manos levantadas celebrando, manos levantadas celebrando: tono de piel claro medio, tono de piel claro medio
ğŸ™ŒğŸ½	chocar, cinco, festejo, manos, manos levantadas celebrando, manos levantadas celebrando: tono de piel medio, tono de piel medio
ğŸ™ŒğŸ¾	chocar, cinco, festejo, manos, manos levantadas celebrando, manos levantadas celebrando: tono de piel oscuro medio, tono de piel oscuro medio
ğŸ™ŒğŸ¿	chocar, cinco, festejo, manos, manos levantadas celebrando, manos levantadas celebrando: tono de piel oscuro, tono de piel oscuro
ğŸ™	favor, gracias, manos en oraciÃ³n, oraciÃ³n, orar, rezar
ğŸ™ğŸ»	favor, gracias, manos en oraciÃ³n, oraciÃ³n, orar, rezar, tono de piel claro
ğŸ™ğŸ¼	favor, gracias, manos en oraciÃ³n, oraciÃ³n, orar, rezar, tono de piel claro medio
ğŸ™ğŸ½	favor, gracias, manos en oraciÃ³n, oraciÃ³n, orar, rezar, tono de piel medio
ğŸ™ğŸ¾	favor, gracias, manos en oraciÃ³n, oraciÃ³n, orar, rezar, tono de piel oscuro medio
ğŸ™ğŸ¿	favor, gracias, manos en oraciÃ³n, oraciÃ³n, orar, rezar, tono de piel oscuro
ğŸ’…	esmalte, pintarse las uÃ±as, uÃ±as
ğŸ’…ğŸ»	esmalte, pintarse las uÃ±as, tono de piel claro, uÃ±as
ğŸ’…ğŸ¼	esmalte, pintarse las uÃ±as, tono de piel claro medio, uÃ±as
ğŸ’…ğŸ½	esmalte, pintarse las uÃ±as, tono de piel medio, uÃ±as
ğŸ’…ğŸ¾	esmalte, pintarse las uÃ±as, tono de piel oscuro medio, uÃ±as
ğŸ’…ğŸ¿	esmalte, pintarse las uÃ±as, tono de piel oscuro, uÃ±as
ğŸ¤³	selfi
ğŸ¤³ğŸ»	selfi, selfi: tono de piel claro, tono de piel claro
ğŸ¤³ğŸ¼	selfi, selfi: tono de piel claro medio, tono de piel claro medio
ğŸ¤³ğŸ½	selfi, selfi: tono de piel medio, tono de piel medio
ğŸ¤³ğŸ¾	selfi, selfi: tono de piel oscuro medio, tono de piel oscuro medio
ğŸ¤³ğŸ¿	selfi, selfi: tono de piel oscuro, tono de piel oscuro
ğŸ¦µ	pierna
ğŸ¦µğŸ»	pierna, tono de piel claro
ğŸ¦µğŸ¼	pierna, tono de piel claro medio
ğŸ¦µğŸ½	pierna, tono de piel medio
ğŸ¦µğŸ¾	pierna, tono de piel oscuro medio
ğŸ¦µğŸ¿	pierna, tono de piel oscuro
ğŸ«€	Ã³rgano cardÃ­aco
ğŸ«	pulmones
ğŸ¦´	hueso
ğŸ§’	joven
ğŸ§’ğŸ»	joven, joven: tono de piel claro, tono de piel claro
ğŸ§’ğŸ¼	joven, joven: tono de piel claro medio, tono de piel claro medio
ğŸ§’ğŸ½	joven, joven: tono de piel medio, tono de piel medio
ğŸ§’ğŸ¾	joven, joven: tono de piel oscuro medio, tono de piel oscuro medio
ğŸ§’ğŸ¿	joven, joven: tono de piel oscuro, tono de piel oscuro
ğŸ§‘â€ğŸ¦°	gÃ©nero, neutro, pelirrojo, persona adulta, persona adulta: pelirrojo
ğŸ§‘ğŸ»â€ğŸ¦°	gÃ©nero, neutro, pelirrojo, persona adulta, persona adulta: tono de piel claro y pelirrojo, tono de piel claro
ğŸ§‘ğŸ¼â€ğŸ¦°	gÃ©nero, neutro, pelirrojo, persona adulta, persona adulta: tono de piel claro medio y pelirrojo, tono de piel claro medio
ğŸ§‘ğŸ½â€ğŸ¦°	gÃ©nero, neutro, pelirrojo, persona adulta, persona adulta: tono de piel medio y pelirrojo, tono de piel medio
ğŸ§‘ğŸ¾â€ğŸ¦°	gÃ©nero, neutro, pelirrojo, persona adulta, persona adulta: tono de piel oscuro medio y pelirrojo, tono de piel oscuro medio
ğŸ§‘ğŸ¿â€ğŸ¦°	gÃ©nero, neutro, pelirrojo, persona adulta, persona adulta: tono de piel oscuro y pelirrojo, tono de piel oscuro
ğŸ§‘â€ğŸ¦±	gÃ©nero, neutro, pelo enrulado, persona adulta, persona adulta: pelo enrulado
ğŸ§‘ğŸ»â€ğŸ¦±	gÃ©nero, neutro, pelo enrulado, persona adulta, persona adulta: tono de piel claro y pelo enrulado, tono de piel claro
ğŸ§‘ğŸ¼â€ğŸ¦±	gÃ©nero, neutro, pelo enrulado, persona adulta, persona adulta: tono de piel claro medio y pelo enrulado, tono de piel claro medio
ğŸ§‘ğŸ½â€ğŸ¦±	gÃ©nero, neutro, pelo enrulado, persona adulta, persona adulta: tono de piel medio y pelo enrulado, tono de piel medio
ğŸ§‘ğŸ¾â€ğŸ¦±	gÃ©nero, neutro, pelo enrulado, persona adulta, persona adulta: tono de piel oscuro medio y pelo enrulado, tono de piel oscuro medio
ğŸ§‘ğŸ¿â€ğŸ¦±	gÃ©nero, neutro, pelo enrulado, persona adulta, persona adulta: tono de piel oscuro y pelo enrulado, tono de piel oscuro
ğŸ§‘â€ğŸ¦³	gÃ©nero, neutro, pelo canoso, persona adulta, persona adulta: pelo canoso
ğŸ§‘ğŸ»â€ğŸ¦³	gÃ©nero, neutro, pelo canoso, persona adulta, persona adulta: tono de piel claro y pelo canoso, tono de piel claro
ğŸ§‘ğŸ¼â€ğŸ¦³	gÃ©nero, neutro, pelo canoso, persona adulta, persona adulta: tono de piel claro medio y pelo canoso, tono de piel claro medio
ğŸ§‘ğŸ½â€ğŸ¦³	gÃ©nero, neutro, pelo canoso, persona adulta, persona adulta: tono de piel medio y pelo canoso, tono de piel medio
ğŸ§‘ğŸ¾â€ğŸ¦³	gÃ©nero, neutro, pelo canoso, persona adulta, persona adulta: tono de piel oscuro medio y pelo canoso, tono de piel oscuro medio
ğŸ§‘ğŸ¿â€ğŸ¦³	gÃ©nero, neutro, pelo canoso, persona adulta, persona adulta: tono de piel oscuro y pelo canoso, tono de piel oscuro
ğŸ§‘â€ğŸ¦²	gÃ©nero, neutro, pelado, persona adulta, persona adulta: pelado
ğŸ§‘ğŸ»â€ğŸ¦²	gÃ©nero, neutro, pelado, persona adulta, persona adulta: tono de piel claro y pelado, tono de piel claro
ğŸ§‘ğŸ¼â€ğŸ¦²	gÃ©nero, neutro, pelado, persona adulta, persona adulta: tono de piel claro medio y pelado, tono de piel claro medio
ğŸ§‘ğŸ½â€ğŸ¦²	gÃ©nero, neutro, pelado, persona adulta, persona adulta: tono de piel medio y pelado, tono de piel medio
ğŸ§‘ğŸ¾â€ğŸ¦²	gÃ©nero, neutro, pelado, persona adulta, persona adulta: tono de piel oscuro medio y pelado, tono de piel oscuro medio
ğŸ§‘ğŸ¿â€ğŸ¦²	gÃ©nero, neutro, pelado, persona adulta, persona adulta: tono de piel oscuro y pelado, tono de piel oscuro
ğŸ‘¨â€ğŸ¦°	cara, hombre, hombre: pelirrojo, pelirrojo, persona, seÃ±or
ğŸ‘¨ğŸ»â€ğŸ¦°	cara, hombre, hombre: tono de piel claro y pelirrojo, pelirrojo, persona, seÃ±or, tono de piel claro
ğŸ‘¨ğŸ¼â€ğŸ¦°	cara, hombre, hombre: tono de piel claro medio y pelirrojo, pelirrojo, persona, seÃ±or, tono de piel claro medio
ğŸ‘¨ğŸ½â€ğŸ¦°	cara, hombre, hombre: tono de piel medio y pelirrojo, pelirrojo, persona, seÃ±or, tono de piel medio
ğŸ‘¨ğŸ¾â€ğŸ¦°	cara, hombre, hombre: tono de piel oscuro medio y pelirrojo, pelirrojo, persona, seÃ±or, tono de piel oscuro medio
ğŸ‘¨ğŸ¿â€ğŸ¦°	cara, hombre, hombre: tono de piel oscuro y pelirrojo, pelirrojo, persona, seÃ±or, tono de piel oscuro
ğŸ‘¨â€ğŸ¦±	cara, hombre, hombre: pelo enrulado, pelo enrulado, persona, seÃ±or
ğŸ‘¨ğŸ»â€ğŸ¦±	cara, hombre, hombre: tono de piel claro y pelo enrulado, pelo enrulado, persona, seÃ±or, tono de piel claro
ğŸ‘¨ğŸ¼â€ğŸ¦±	cara, hombre, hombre: tono de piel claro medio y pelo enrulado, pelo enrulado, persona, seÃ±or, tono de piel claro medio
ğŸ‘¨ğŸ½â€ğŸ¦±	cara, hombre, hombre: tono de piel medio y pelo enrulado, pelo enrulado, persona, seÃ±or, tono de piel medio
ğŸ‘¨ğŸ¾â€ğŸ¦±	cara, hombre, hombre: tono de piel oscuro medio y pelo enrulado, pelo enrulado, persona, seÃ±or, tono de piel oscuro medio
ğŸ‘¨ğŸ¿â€ğŸ¦±	cara, hombre, hombre: tono de piel oscuro y pelo enrulado, pelo enrulado, persona, seÃ±or, tono de piel oscuro
ğŸ‘¨â€ğŸ¦³	cara, hombre, hombre: pelo canoso, pelo canoso, persona, seÃ±or
ğŸ‘¨ğŸ»â€ğŸ¦³	cara, hombre, hombre: tono de piel claro y pelo canoso, pelo canoso, persona, seÃ±or, tono de piel claro
ğŸ‘¨ğŸ¼â€ğŸ¦³	cara, hombre, hombre: tono de piel claro medio y pelo canoso, pelo canoso, persona, seÃ±or, tono de piel claro medio
ğŸ‘¨ğŸ½â€ğŸ¦³	cara, hombre, hombre: tono de piel medio y pelo canoso, pelo canoso, persona, seÃ±or, tono de piel medio
ğŸ‘¨ğŸ¾â€ğŸ¦³	cara, hombre, hombre: tono de piel oscuro medio y pelo canoso, pelo canoso, persona, seÃ±or, tono de piel oscuro medio
ğŸ‘¨ğŸ¿â€ğŸ¦³	cara, hombre, hombre: tono de piel oscuro y pelo canoso, pelo canoso, persona, seÃ±or, tono de piel oscuro
ğŸ‘¨â€ğŸ¦²	cara, hombre, hombre: pelado, pelado, persona, seÃ±or
ğŸ‘¨ğŸ»â€ğŸ¦²	cara, hombre, hombre: tono de piel claro y pelado, pelado, persona, seÃ±or, tono de piel claro
ğŸ‘¨ğŸ¼â€ğŸ¦²	cara, hombre, hombre: tono de piel claro medio y pelado, pelado, persona, seÃ±or, tono de piel claro medio
ğŸ‘¨ğŸ½â€ğŸ¦²	cara, hombre, hombre: tono de piel medio y pelado, pelado, persona, seÃ±or, tono de piel medio
ğŸ‘¨ğŸ¾â€ğŸ¦²	cara, hombre, hombre: tono de piel oscuro medio y pelado, pelado, persona, seÃ±or, tono de piel oscuro medio
ğŸ‘¨ğŸ¿â€ğŸ¦²	cara, hombre, hombre: tono de piel oscuro y pelado, pelado, persona, seÃ±or, tono de piel oscuro
ğŸ‘©â€ğŸ¦°	cara, mujer, mujer: pelirrojo, pelirrojo, persona, seÃ±ora
ğŸ‘©ğŸ»â€ğŸ¦°	cara, mujer, mujer: tono de piel claro y pelirrojo, pelirrojo, persona, seÃ±ora, tono de piel claro
ğŸ‘©ğŸ¼â€ğŸ¦°	cara, mujer, mujer: tono de piel claro medio y pelirrojo, pelirrojo, persona, seÃ±ora, tono de piel claro medio
ğŸ‘©ğŸ½â€ğŸ¦°	cara, mujer, mujer: tono de piel medio y pelirrojo, pelirrojo, persona, seÃ±ora, tono de piel medio
ğŸ‘©ğŸ¾â€ğŸ¦°	cara, mujer, mujer: tono de piel oscuro medio y pelirrojo, pelirrojo, persona, seÃ±ora, tono de piel oscuro medio
ğŸ‘©ğŸ¿â€ğŸ¦°	cara, mujer, mujer: tono de piel oscuro y pelirrojo, pelirrojo, persona, seÃ±ora, tono de piel oscuro
ğŸ‘©â€ğŸ¦±	cara, mujer, mujer: pelo enrulado, pelo enrulado, persona, seÃ±ora
ğŸ‘©ğŸ»â€ğŸ¦±	cara, mujer, mujer: tono de piel claro y pelo enrulado, pelo enrulado, persona, seÃ±ora, tono de piel claro
ğŸ‘©ğŸ¼â€ğŸ¦±	cara, mujer, mujer: tono de piel claro medio y pelo enrulado, pelo enrulado, persona, seÃ±ora, tono de piel claro medio
ğŸ‘©ğŸ½â€ğŸ¦±	cara, mujer, mujer: tono de piel medio y pelo enrulado, pelo enrulado, persona, seÃ±ora, tono de piel medio
ğŸ‘©ğŸ¾â€ğŸ¦±	cara, mujer, mujer: tono de piel oscuro medio y pelo enrulado, pelo enrulado, persona, seÃ±ora, tono de piel oscuro medio
ğŸ‘©ğŸ¿â€ğŸ¦±	cara, mujer, mujer: tono de piel oscuro y pelo enrulado, pelo enrulado, persona, seÃ±ora, tono de piel oscuro
ğŸ‘©â€ğŸ¦³	cara, mujer, mujer: pelo canoso, pelo canoso, persona, seÃ±ora
ğŸ‘©ğŸ»â€ğŸ¦³	cara, mujer, mujer: tono de piel claro y pelo canoso, pelo canoso, persona, seÃ±ora, tono de piel claro
ğŸ‘©ğŸ¼â€ğŸ¦³	cara, mujer, mujer: tono de piel claro medio y pelo canoso, pelo canoso, persona, seÃ±ora, tono de piel claro medio
ğŸ‘©ğŸ½â€ğŸ¦³	cara, mujer, mujer: tono de piel medio y pelo canoso, pelo canoso, persona, seÃ±ora, tono de piel medio
ğŸ‘©ğŸ¾â€ğŸ¦³	cara, mujer, mujer: tono de piel oscuro medio y pelo canoso, pelo canoso, persona, seÃ±ora, tono de piel oscuro medio
ğŸ‘©ğŸ¿â€ğŸ¦³	cara, mujer, mujer: tono de piel oscuro y pelo canoso, pelo canoso, persona, seÃ±ora, tono de piel oscuro
ğŸ‘©â€ğŸ¦²	cara, mujer, mujer: pelado, pelado, persona, seÃ±ora
ğŸ‘©ğŸ»â€ğŸ¦²	cara, mujer, mujer: tono de piel claro y pelado, pelado, persona, seÃ±ora, tono de piel claro
ğŸ‘©ğŸ¼â€ğŸ¦²	cara, mujer, mujer: tono de piel claro medio y pelado, pelado, persona, seÃ±ora, tono de piel claro medio
ğŸ‘©ğŸ½â€ğŸ¦²	cara, mujer, mujer: tono de piel medio y pelado, pelado, persona, seÃ±ora, tono de piel medio
ğŸ‘©ğŸ¾â€ğŸ¦²	cara, mujer, mujer: tono de piel oscuro medio y pelado, pelado, persona, seÃ±ora, tono de piel oscuro medio
ğŸ‘©ğŸ¿â€ğŸ¦²	cara, mujer, mujer: tono de piel oscuro y pelado, pelado, persona, seÃ±ora, tono de piel oscuro
ğŸ™	cara, ceÃ±o, enojado, mal, mujer frunciendo el ceÃ±o
ğŸ™ğŸ»	cara, ceÃ±o, enojado, mal, mujer frunciendo el ceÃ±o, tono de piel claro
ğŸ™ğŸ¼	cara, ceÃ±o, enojado, mal, mujer frunciendo el ceÃ±o, tono de piel claro medio
ğŸ™ğŸ½	cara, ceÃ±o, enojado, mal, mujer frunciendo el ceÃ±o, tono de piel medio
ğŸ™ğŸ¾	cara, ceÃ±o, enojado, mal, mujer frunciendo el ceÃ±o, tono de piel oscuro medio
ğŸ™ğŸ¿	cara, ceÃ±o, enojado, mal, mujer frunciendo el ceÃ±o, tono de piel oscuro
ğŸ™â€â™€	ceÃ±o, fruncido, gesto, mujer, mujer que frunce el seÃ±o
ğŸ™ğŸ»â€â™€	ceÃ±o, fruncido, gesto, mujer, mujer que frunce el seÃ±o, tono de piel claro
ğŸ™ğŸ¼â€â™€	ceÃ±o, fruncido, gesto, mujer, mujer que frunce el seÃ±o, tono de piel claro medio
ğŸ™ğŸ½â€â™€	ceÃ±o, fruncido, gesto, mujer, mujer que frunce el seÃ±o, tono de piel medio
ğŸ™ğŸ¾â€â™€	ceÃ±o, fruncido, gesto, mujer, mujer que frunce el seÃ±o, tono de piel oscuro medio
ğŸ™ğŸ¿â€â™€	ceÃ±o, fruncido, gesto, mujer, mujer que frunce el seÃ±o, tono de piel oscuro
ğŸ™…	brazos, cruzados, gesto, gesto de estÃ¡ mal, no
ğŸ™…ğŸ»	brazos, cruzados, gesto, gesto de estÃ¡ mal, no, tono de piel claro
ğŸ™…ğŸ¼	brazos, cruzados, gesto, gesto de estÃ¡ mal, no, tono de piel claro medio
ğŸ™…ğŸ½	brazos, cruzados, gesto, gesto de estÃ¡ mal, no, tono de piel medio
ğŸ™…ğŸ¾	brazos, cruzados, gesto, gesto de estÃ¡ mal, no, tono de piel oscuro medio
ğŸ™…ğŸ¿	brazos, cruzados, gesto, gesto de estÃ¡ mal, no, tono de piel oscuro
ğŸ™†â€â™€	aceptaciÃ³n, acuerdo, gesto, mujer haciendo el gesto de "de acuerdo"
ğŸ™†ğŸ»â€â™€	aceptaciÃ³n, acuerdo, gesto, mujer haciendo el gesto de "de acuerdo", tono de piel claro
ğŸ™†ğŸ¼â€â™€	aceptaciÃ³n, acuerdo, gesto, mujer haciendo el gesto de "de acuerdo", tono de piel claro medio
ğŸ™†ğŸ½â€â™€	aceptaciÃ³n, acuerdo, gesto, mujer haciendo el gesto de "de acuerdo", tono de piel medio
ğŸ™†ğŸ¾â€â™€	aceptaciÃ³n, acuerdo, gesto, mujer haciendo el gesto de "de acuerdo", tono de piel oscuro medio
ğŸ™†ğŸ¿â€â™€	aceptaciÃ³n, acuerdo, gesto, mujer haciendo el gesto de "de acuerdo", tono de piel oscuro
ğŸ’	informaciÃ³n, mesa, mujer, persona, persona en mesa entrada
ğŸ’ğŸ»	informaciÃ³n, mesa, mujer, persona, persona en mesa entrada, tono de piel claro
ğŸ’ğŸ¼	informaciÃ³n, mesa, mujer, persona, persona en mesa entrada, tono de piel claro medio
ğŸ’ğŸ½	informaciÃ³n, mesa, mujer, persona, persona en mesa entrada, tono de piel medio
ğŸ’ğŸ¾	informaciÃ³n, mesa, mujer, persona, persona en mesa entrada, tono de piel oscuro medio
ğŸ’ğŸ¿	informaciÃ³n, mesa, mujer, persona, persona en mesa entrada, tono de piel oscuro
ğŸ™‹	levantar, mano, persona, persona levantando la mano, yo
ğŸ™‹ğŸ»	levantar, mano, persona, persona levantando la mano, tono de piel claro, yo
ğŸ™‹ğŸ¼	levantar, mano, persona, persona levantando la mano, tono de piel claro medio, yo
ğŸ™‹ğŸ½	levantar, mano, persona, persona levantando la mano, tono de piel medio, yo
ğŸ™‹ğŸ¾	levantar, mano, persona, persona levantando la mano, tono de piel oscuro medio, yo
ğŸ™‹ğŸ¿	levantar, mano, persona, persona levantando la mano, tono de piel oscuro, yo
ğŸ¤¦	exasperaciÃ³n, facepalm, frente, incredulidad, mano en la frente, persona con la mano en la frente
ğŸ¤¦ğŸ»	exasperaciÃ³n, facepalm, frente, incredulidad, mano en la frente, persona con la mano en la frente, tono de piel claro
ğŸ¤¦ğŸ¼	exasperaciÃ³n, facepalm, frente, incredulidad, mano en la frente, persona con la mano en la frente, tono de piel claro medio
ğŸ¤¦ğŸ½	exasperaciÃ³n, facepalm, frente, incredulidad, mano en la frente, persona con la mano en la frente, tono de piel medio
ğŸ¤¦ğŸ¾	exasperaciÃ³n, facepalm, frente, incredulidad, mano en la frente, persona con la mano en la frente, tono de piel oscuro medio
ğŸ¤¦ğŸ¿	exasperaciÃ³n, facepalm, frente, incredulidad, mano en la frente, persona con la mano en la frente, tono de piel oscuro
ğŸ¤¦â€â™‚	exasperaciÃ³n, facepalm, hombre, hombre con la mano en la frente, incredulidad
ğŸ¤¦ğŸ»â€â™‚	exasperaciÃ³n, facepalm, hombre, hombre con la mano en la frente, incredulidad, tono de piel claro
ğŸ¤¦ğŸ¼â€â™‚	exasperaciÃ³n, facepalm, hombre, hombre con la mano en la frente, incredulidad, tono de piel claro medio
ğŸ¤¦ğŸ½â€â™‚	exasperaciÃ³n, facepalm, hombre, hombre con la mano en la frente, incredulidad, tono de piel medio
ğŸ¤¦ğŸ¾â€â™‚	exasperaciÃ³n, facepalm, hombre, hombre con la mano en la frente, incredulidad, tono de piel oscuro medio
ğŸ¤¦ğŸ¿â€â™‚	exasperaciÃ³n, facepalm, hombre, hombre con la mano en la frente, incredulidad, tono de piel oscuro
ğŸ¤¦â€â™€	exasperaciÃ³n, facepalm, incredulidad, mujer, mujer con la mano en la frente
ğŸ¤¦ğŸ»â€â™€	exasperaciÃ³n, facepalm, incredulidad, mujer, mujer con la mano en la frente, tono de piel claro
ğŸ¤¦ğŸ¼â€â™€	exasperaciÃ³n, facepalm, incredulidad, mujer, mujer con la mano en la frente, tono de piel claro medio
ğŸ¤¦ğŸ½â€â™€	exasperaciÃ³n, facepalm, incredulidad, mujer, mujer con la mano en la frente, tono de piel medio
ğŸ¤¦ğŸ¾â€â™€	exasperaciÃ³n, facepalm, incredulidad, mujer, mujer con la mano en la frente, tono de piel oscuro medio
ğŸ¤¦ğŸ¿â€â™€	exasperaciÃ³n, facepalm, incredulidad, mujer, mujer con la mano en la frente, tono de piel oscuro
ğŸ¤·	duda, encogerse, hombros, ignorancia, indiferencia, persona encogida de hombros
ğŸ¤·ğŸ»	duda, encogerse, hombros, ignorancia, indiferencia, persona encogida de hombros, tono de piel claro
ğŸ¤·ğŸ¼	duda, encogerse, hombros, ignorancia, indiferencia, persona encogida de hombros, tono de piel claro medio
ğŸ¤·ğŸ½	duda, encogerse, hombros, ignorancia, indiferencia, persona encogida de hombros, tono de piel medio
ğŸ¤·ğŸ¾	duda, encogerse, hombros, ignorancia, indiferencia, persona encogida de hombros, tono de piel oscuro medio
ğŸ¤·ğŸ¿	duda, encogerse, hombros, ignorancia, indiferencia, persona encogida de hombros, tono de piel oscuro
ğŸ‘¨â€âš•	doctor, enfermero, mÃ©dico, profesional sanitario hombre
ğŸ‘¨ğŸ»â€âš•	doctor, enfermero, mÃ©dico, profesional sanitario hombre, tono de piel claro
ğŸ‘¨ğŸ¼â€âš•	doctor, enfermero, mÃ©dico, profesional sanitario hombre, tono de piel claro medio
ğŸ‘¨ğŸ½â€âš•	doctor, enfermero, mÃ©dico, profesional sanitario hombre, tono de piel medio
ğŸ‘¨ğŸ¾â€âš•	doctor, enfermero, mÃ©dico, profesional sanitario hombre, tono de piel oscuro medio
ğŸ‘¨ğŸ¿â€âš•	doctor, enfermero, mÃ©dico, profesional sanitario hombre, tono de piel oscuro
ğŸ‘©â€âš•	doctora, enfermera, mÃ©dica, profesional sanitario mujer
ğŸ‘©ğŸ»â€âš•	doctora, enfermera, mÃ©dica, profesional sanitario mujer, tono de piel claro
ğŸ‘©ğŸ¼â€âš•	doctora, enfermera, mÃ©dica, profesional sanitario mujer, tono de piel claro medio
ğŸ‘©ğŸ½â€âš•	doctora, enfermera, mÃ©dica, profesional sanitario mujer, tono de piel medio
ğŸ‘©ğŸ¾â€âš•	doctora, enfermera, mÃ©dica, profesional sanitario mujer, tono de piel oscuro medio
ğŸ‘©ğŸ¿â€âš•	doctora, enfermera, mÃ©dica, profesional sanitario mujer, tono de piel oscuro
ğŸ§‘â€ğŸ“	estudiante
ğŸ§‘ğŸ»â€ğŸ“	estudiante, tono de piel claro
ğŸ§‘ğŸ¼â€ğŸ“	estudiante, tono de piel claro medio
ğŸ§‘ğŸ½â€ğŸ“	estudiante, tono de piel medio
ğŸ§‘ğŸ¾â€ğŸ“	estudiante, tono de piel oscuro medio
ğŸ§‘ğŸ¿â€ğŸ“	estudiante, tono de piel oscuro
ğŸ§‘â€ğŸ«	maestro
ğŸ§‘ğŸ»â€ğŸ«	maestro, maestro: tono de piel claro, tono de piel claro
ğŸ§‘ğŸ¼â€ğŸ«	maestro, maestro: tono de piel claro medio, tono de piel claro medio
ğŸ§‘ğŸ½â€ğŸ«	maestro, maestro: tono de piel medio, tono de piel medio
ğŸ§‘ğŸ¾â€ğŸ«	maestro, maestro: tono de piel oscuro medio, tono de piel oscuro medio
ğŸ§‘ğŸ¿â€ğŸ«	maestro, maestro: tono de piel oscuro, tono de piel oscuro
ğŸ§‘â€âš–	juez
ğŸ§‘ğŸ»â€âš–	juez, juez: tono de piel claro, tono de piel claro
ğŸ§‘ğŸ¼â€âš–	juez, juez: tono de piel claro medio, tono de piel claro medio
ğŸ§‘ğŸ½â€âš–	juez, juez: tono de piel medio, tono de piel medio
ğŸ§‘ğŸ¾â€âš–	juez, juez: tono de piel oscuro medio, tono de piel oscuro medio
ğŸ§‘ğŸ¿â€âš–	juez, juez: tono de piel oscuro, tono de piel oscuro
ğŸ§‘â€ğŸŒ¾	granjero
ğŸ§‘ğŸ»â€ğŸŒ¾	granjero, granjero: tono de piel claro, tono de piel claro
ğŸ§‘ğŸ¼â€ğŸŒ¾	granjero, granjero: tono de piel claro medio, tono de piel claro medio
ğŸ§‘ğŸ½â€ğŸŒ¾	granjero, granjero: tono de piel medio, tono de piel medio
ğŸ§‘ğŸ¾â€ğŸŒ¾	granjero, granjero: tono de piel oscuro medio, tono de piel oscuro medio
ğŸ§‘ğŸ¿â€ğŸŒ¾	granjero, granjero: tono de piel oscuro, tono de piel oscuro
ğŸ§‘â€ğŸ³	cocinero
ğŸ§‘ğŸ»â€ğŸ³	cocinero, cocinero: tono de piel claro, tono de piel claro
ğŸ§‘ğŸ¼â€ğŸ³	cocinero, cocinero: tono de piel claro medio, tono de piel claro medio
ğŸ§‘ğŸ½â€ğŸ³	cocinero, cocinero: tono de piel medio, tono de piel medio
ğŸ§‘ğŸ¾â€ğŸ³	cocinero, cocinero: tono de piel oscuro medio, tono de piel oscuro medio
ğŸ§‘ğŸ¿â€ğŸ³	cocinero, cocinero: tono de piel oscuro, tono de piel oscuro
ğŸ§‘â€ğŸ”§	mecÃ¡nico
ğŸ§‘ğŸ»â€ğŸ”§	mecÃ¡nico, mecÃ¡nico: tono de piel claro, tono de piel claro
ğŸ§‘ğŸ¼â€ğŸ”§	mecÃ¡nico, mecÃ¡nico: tono de piel claro medio, tono de piel claro medio
ğŸ§‘ğŸ½â€ğŸ”§	mecÃ¡nico, mecÃ¡nico: tono de piel medio, tono de piel medio
ğŸ§‘ğŸ¾â€ğŸ”§	mecÃ¡nico, mecÃ¡nico: tono de piel oscuro medio, tono de piel oscuro medio
ğŸ§‘ğŸ¿â€ğŸ”§	mecÃ¡nico, mecÃ¡nico: tono de piel oscuro, tono de piel oscuro
ğŸ§‘â€ğŸ­	obrero de fÃ¡brica
ğŸ§‘ğŸ»â€ğŸ­	obrero de fÃ¡brica, obrero de fÃ¡brica: tono de piel claro, tono de piel claro
ğŸ§‘ğŸ¼â€ğŸ­	obrero de fÃ¡brica, obrero de fÃ¡brica: tono de piel claro medio, tono de piel claro medio
ğŸ§‘ğŸ½â€ğŸ­	obrero de fÃ¡brica, obrero de fÃ¡brica: tono de piel medio, tono de piel medio
ğŸ§‘ğŸ¾â€ğŸ­	obrero de fÃ¡brica, obrero de fÃ¡brica: tono de piel oscuro medio, tono de piel oscuro medio
ğŸ§‘ğŸ¿â€ğŸ­	obrero de fÃ¡brica, obrero de fÃ¡brica: tono de piel oscuro, tono de piel oscuro
ğŸ‘©â€ğŸ­	industria, mujer, obrera, operaria, profesional industrial mujer, trabajadora
ğŸ‘©ğŸ»â€ğŸ­	industria, mujer, obrera, operaria, profesional industrial mujer, tono de piel claro, trabajadora
ğŸ‘©ğŸ¼â€ğŸ­	industria, mujer, obrera, operaria, profesional industrial mujer, tono de piel claro medio, trabajadora
ğŸ‘©ğŸ½â€ğŸ­	industria, mujer, obrera, operaria, profesional industrial mujer, tono de piel medio, trabajadora
ğŸ‘©ğŸ¾â€ğŸ­	industria, mujer, obrera, operaria, profesional industrial mujer, tono de piel oscuro medio, trabajadora
ğŸ‘©ğŸ¿â€ğŸ­	industria, mujer, obrera, operaria, profesional industrial mujer, tono de piel oscuro, trabajadora
ğŸ§‘â€ğŸ’¼	oficinista
ğŸ§‘ğŸ»â€ğŸ’¼	oficinista, tono de piel claro
ğŸ§‘ğŸ¼â€ğŸ’¼	oficinista, tono de piel claro medio
ğŸ§‘ğŸ½â€ğŸ’¼	oficinista, tono de piel medio
ğŸ§‘ğŸ¾â€ğŸ’¼	oficinista, tono de piel oscuro medio
ğŸ§‘ğŸ¿â€ğŸ’¼	oficinista, tono de piel oscuro
ğŸ§‘â€ğŸ”¬	cientÃ­fico
ğŸ§‘ğŸ»â€ğŸ”¬	cientÃ­fico, cientÃ­fico: tono de piel claro, tono de piel claro
ğŸ§‘ğŸ¼â€ğŸ”¬	cientÃ­fico, cientÃ­fico: tono de piel claro medio, tono de piel claro medio
ğŸ§‘ğŸ½â€ğŸ”¬	cientÃ­fico, cientÃ­fico: tono de piel medio, tono de piel medio
ğŸ§‘ğŸ¾â€ğŸ”¬	cientÃ­fico, cientÃ­fico: tono de piel oscuro medio, tono de piel oscuro medio
ğŸ§‘ğŸ¿â€ğŸ”¬	cientÃ­fico, cientÃ­fico: tono de piel oscuro, tono de piel oscuro
ğŸ§‘â€ğŸ’»	tecnÃ³logo
ğŸ§‘ğŸ»â€ğŸ’»	tecnÃ³logo, tecnÃ³logo: tono de piel claro, tono de piel claro
ğŸ§‘ğŸ¼â€ğŸ’»	tecnÃ³logo, tecnÃ³logo: tono de piel claro medio, tono de piel claro medio
ğŸ§‘ğŸ½â€ğŸ’»	tecnÃ³logo, tecnÃ³logo: tono de piel medio, tono de piel medio
ğŸ§‘ğŸ¾â€ğŸ’»	tecnÃ³logo, tecnÃ³logo: tono de piel oscuro medio, tono de piel oscuro medio
ğŸ§‘ğŸ¿â€ğŸ’»	tecnÃ³logo, tecnÃ³logo: tono de piel oscuro, tono de piel oscuro
ğŸ§‘â€ğŸ¤	cantante
ğŸ§‘ğŸ»â€ğŸ¤	cantante, tono de piel claro
ğŸ§‘ğŸ¼â€ğŸ¤	cantante, tono de piel claro medio
ğŸ§‘ğŸ½â€ğŸ¤	cantante, tono de piel medio
ğŸ§‘ğŸ¾â€ğŸ¤	cantante, tono de piel oscuro medio
ğŸ§‘ğŸ¿â€ğŸ¤	cantante, tono de piel oscuro
ğŸ§‘â€ğŸ¨	artista
ğŸ§‘ğŸ»â€ğŸ¨	artista, tono de piel claro
ğŸ§‘ğŸ¼â€ğŸ¨	artista, tono de piel claro medio
ğŸ§‘ğŸ½â€ğŸ¨	artista, tono de piel medio
ğŸ§‘ğŸ¾â€ğŸ¨	artista, tono de piel oscuro medio
ğŸ§‘ğŸ¿â€ğŸ¨	artista, tono de piel oscuro
ğŸ§‘â€âœˆ	piloto
ğŸ§‘ğŸ»â€âœˆ	piloto, tono de piel claro
ğŸ§‘ğŸ¼â€âœˆ	piloto, tono de piel claro medio
ğŸ§‘ğŸ½â€âœˆ	piloto, tono de piel medio
ğŸ§‘ğŸ¾â€âœˆ	piloto, tono de piel oscuro medio
ğŸ§‘ğŸ¿â€âœˆ	piloto, tono de piel oscuro
ğŸ§‘â€ğŸš€	astronauta
ğŸ§‘ğŸ»â€ğŸš€	astronauta, tono de piel claro
ğŸ§‘ğŸ¼â€ğŸš€	astronauta, tono de piel claro medio
ğŸ§‘ğŸ½â€ğŸš€	astronauta, tono de piel medio
ğŸ§‘ğŸ¾â€ğŸš€	astronauta, tono de piel oscuro medio
ğŸ§‘ğŸ¿â€ğŸš€	astronauta, tono de piel oscuro
ğŸ§‘â€ğŸš’	bombero
ğŸ§‘ğŸ»â€ğŸš’	bombero, tono de piel claro
ğŸ§‘ğŸ¼â€ğŸš’	bombero, tono de piel claro medio
ğŸ§‘ğŸ½â€ğŸš’	bombero, tono de piel medio
ğŸ§‘ğŸ¾â€ğŸš’	bombero, tono de piel oscuro medio
ğŸ§‘ğŸ¿â€ğŸš’	bombero, tono de piel oscuro
ğŸ¥·	ninja
ğŸ‘·	construcciÃ³n, hombre, obrero, obrero de construcciÃ³n, trabajador
ğŸ‘·ğŸ»	construcciÃ³n, hombre, obrero, obrero de construcciÃ³n, tono de piel claro, trabajador
ğŸ‘·ğŸ¼	construcciÃ³n, hombre, obrero, obrero de construcciÃ³n, tono de piel claro medio, trabajador
ğŸ‘·ğŸ½	construcciÃ³n, hombre, obrero, obrero de construcciÃ³n, tono de piel medio, trabajador
ğŸ‘·ğŸ¾	construcciÃ³n, hombre, obrero, obrero de construcciÃ³n, tono de piel oscuro medio, trabajador
ğŸ‘·ğŸ¿	construcciÃ³n, hombre, obrero, obrero de construcciÃ³n, tono de piel oscuro, trabajador
ğŸ¤µâ€â™‚	esmoquin, hombre, hombre con esmoquin, hombre con esmoquÃ­n
ğŸ¤µğŸ»â€â™‚	esmoquin, hombre, hombre con esmoquin, hombre con esmoquÃ­n, hombre con esmoquÃ­n: tono de piel claro, tono de piel claro
ğŸ¤µğŸ¼â€â™‚	esmoquin, hombre, hombre con esmoquin, hombre con esmoquÃ­n, hombre con esmoquÃ­n: tono de piel claro medio, tono de piel claro medio
ğŸ¤µğŸ½â€â™‚	esmoquin, hombre, hombre con esmoquin, hombre con esmoquÃ­n, hombre con esmoquÃ­n: tono de piel medio, tono de piel medio
ğŸ¤µğŸ¾â€â™‚	esmoquin, hombre, hombre con esmoquin, hombre con esmoquÃ­n, hombre con esmoquÃ­n: tono de piel oscuro medio, tono de piel oscuro medio
ğŸ¤µğŸ¿â€â™‚	esmoquin, hombre, hombre con esmoquin, hombre con esmoquÃ­n, hombre con esmoquÃ­n: tono de piel oscuro, tono de piel oscuro
ğŸ‘°	boda, casamiento, mujer, novia, novia con velo, persona con velo, velo
ğŸ‘°ğŸ»	boda, casamiento, mujer, novia, novia con velo, persona con velo, tono de piel claro, velo
ğŸ‘°ğŸ¼	boda, casamiento, mujer, novia, novia con velo, persona con velo, tono de piel claro medio, velo
ğŸ‘°ğŸ½	boda, casamiento, mujer, novia, novia con velo, persona con velo, tono de piel medio, velo
ğŸ‘°ğŸ¾	boda, casamiento, mujer, novia, novia con velo, persona con velo, tono de piel oscuro medio, velo
ğŸ‘°ğŸ¿	boda, casamiento, mujer, novia, novia con velo, persona con velo, tono de piel oscuro, velo
ğŸ‘¼	bebÃ©, cara de Ã¡ngel bebÃ©, cuento de hadas, fantasÃ­a, rostro, Ã¡ngel
ğŸ‘¼ğŸ»	bebÃ©, cara de Ã¡ngel bebÃ©, cuento de hadas, fantasÃ­a, rostro, tono de piel claro, Ã¡ngel
ğŸ‘¼ğŸ¼	bebÃ©, cara de Ã¡ngel bebÃ©, cuento de hadas, fantasÃ­a, rostro, tono de piel claro medio, Ã¡ngel
ğŸ‘¼ğŸ½	bebÃ©, cara de Ã¡ngel bebÃ©, cuento de hadas, fantasÃ­a, rostro, tono de piel medio, Ã¡ngel
ğŸ‘¼ğŸ¾	bebÃ©, cara de Ã¡ngel bebÃ©, cuento de hadas, fantasÃ­a, rostro, tono de piel oscuro medio, Ã¡ngel
ğŸ‘¼ğŸ¿	bebÃ©, cara de Ã¡ngel bebÃ©, cuento de hadas, fantasÃ­a, rostro, tono de piel oscuro, Ã¡ngel
ğŸ…	Navidad, PapÃ¡ Noel, Santa Claus, claus, noel, papÃ¡, santa
ğŸ…ğŸ»	Navidad, PapÃ¡ Noel, Santa Claus, claus, noel, papÃ¡, santa, tono de piel claro
ğŸ…ğŸ¼	Navidad, PapÃ¡ Noel, Santa Claus, claus, noel, papÃ¡, santa, tono de piel claro medio
ğŸ…ğŸ½	Navidad, PapÃ¡ Noel, Santa Claus, claus, noel, papÃ¡, santa, tono de piel medio
ğŸ…ğŸ¾	Navidad, PapÃ¡ Noel, Santa Claus, claus, noel, papÃ¡, santa, tono de piel oscuro medio
ğŸ…ğŸ¿	Navidad, PapÃ¡ Noel, Santa Claus, claus, noel, papÃ¡, santa, tono de piel oscuro
ğŸ¦¸	superheroÃ­na
ğŸ¦¸ğŸ»	superheroÃ­na, superheroÃ­na: tono de piel claro, tono de piel claro
ğŸ¦¸ğŸ¼	superheroÃ­na, superheroÃ­na: tono de piel claro medio, tono de piel claro medio
ğŸ¦¸ğŸ½	superheroÃ­na, superheroÃ­na: tono de piel medio, tono de piel medio
ğŸ¦¸ğŸ¾	superheroÃ­na, superheroÃ­na: tono de piel oscuro medio, tono de piel oscuro medio
ğŸ¦¸ğŸ¿	superheroÃ­na, superheroÃ­na: tono de piel oscuro, tono de piel oscuro
ğŸ¦¸â€â™‚	superhÃ©roe
ğŸ¦¸ğŸ»â€â™‚	superhÃ©roe, tono de piel claro
ğŸ¦¸ğŸ¼â€â™‚	superhÃ©roe, tono de piel claro medio
ğŸ¦¸ğŸ½â€â™‚	superhÃ©roe, tono de piel medio
ğŸ¦¸ğŸ¾â€â™‚	superhÃ©roe, tono de piel oscuro medio
ğŸ¦¸ğŸ¿â€â™‚	superhÃ©roe, tono de piel oscuro
ğŸ¦¸â€â™€	mujer superheroÃ­na
ğŸ¦¸ğŸ»â€â™€	mujer superheroÃ­na, mujer superheroÃ­na: tono de piel claro, tono de piel claro
ğŸ¦¸ğŸ¼â€â™€	mujer superheroÃ­na, mujer superheroÃ­na: tono de piel claro medio, tono de piel claro medio
ğŸ¦¸ğŸ½â€â™€	mujer superheroÃ­na, mujer superheroÃ­na: tono de piel medio, tono de piel medio
ğŸ¦¸ğŸ¾â€â™€	mujer superheroÃ­na, mujer superheroÃ­na: tono de piel oscuro medio, tono de piel oscuro medio
ğŸ¦¸ğŸ¿â€â™€	mujer superheroÃ­na, mujer superheroÃ­na: tono de piel oscuro, tono de piel oscuro
ğŸ¦¹	supervillano
ğŸ¦¹ğŸ»	supervillano, supervillano: tono de piel claro, tono de piel claro
ğŸ¦¹ğŸ¼	supervillano, supervillano: tono de piel claro medio, tono de piel claro medio
ğŸ¦¹ğŸ½	supervillano, supervillano: tono de piel medio, tono de piel medio
ğŸ¦¹ğŸ¾	supervillano, supervillano: tono de piel oscuro medio, tono de piel oscuro medio
ğŸ¦¹ğŸ¿	supervillano, supervillano: tono de piel oscuro, tono de piel oscuro
ğŸ¦¹â€â™‚	hombre supervillano
ğŸ¦¹ğŸ»â€â™‚	hombre supervillano, hombre supervillano: tono de piel claro, tono de piel claro
ğŸ¦¹ğŸ¼â€â™‚	hombre supervillano, hombre supervillano: tono de piel claro medio, tono de piel claro medio
ğŸ¦¹ğŸ½â€â™‚	hombre supervillano, hombre supervillano: tono de piel medio, tono de piel medio
ğŸ¦¹ğŸ¾â€â™‚	hombre supervillano, hombre supervillano: tono de piel oscuro medio, tono de piel oscuro medio
ğŸ¦¹ğŸ¿â€â™‚	hombre supervillano, hombre supervillano: tono de piel oscuro, tono de piel oscuro
ğŸ¦¹â€â™€	supervillana
ğŸ¦¹ğŸ»â€â™€	supervillana, tono de piel claro
ğŸ¦¹ğŸ¼â€â™€	supervillana, tono de piel claro medio
ğŸ¦¹ğŸ½â€â™€	supervillana, tono de piel medio
ğŸ¦¹ğŸ¾â€â™€	supervillana, tono de piel oscuro medio
ğŸ¦¹ğŸ¿â€â™€	supervillana, tono de piel oscuro
ğŸ’†	masaje, masaje facial, relax, salÃ³n, spa
ğŸ’†ğŸ»	masaje, masaje facial, relax, salÃ³n, spa, tono de piel claro
ğŸ’†ğŸ¼	masaje, masaje facial, relax, salÃ³n, spa, tono de piel claro medio
ğŸ’†ğŸ½	masaje, masaje facial, relax, salÃ³n, spa, tono de piel medio
ğŸ’†ğŸ¾	masaje, masaje facial, relax, salÃ³n, spa, tono de piel oscuro medio
ğŸ’†ğŸ¿	masaje, masaje facial, relax, salÃ³n, spa, tono de piel oscuro
ğŸ’‡	corte de pelo, mujer, pelo, peluquerÃ­a, salÃ³n
ğŸ’‡ğŸ»	corte de pelo, mujer, pelo, peluquerÃ­a, salÃ³n, tono de piel claro
ğŸ’‡ğŸ¼	corte de pelo, mujer, pelo, peluquerÃ­a, salÃ³n, tono de piel claro medio
ğŸ’‡ğŸ½	corte de pelo, mujer, pelo, peluquerÃ­a, salÃ³n, tono de piel medio
ğŸ’‡ğŸ¾	corte de pelo, mujer, pelo, peluquerÃ­a, salÃ³n, tono de piel oscuro medio
ğŸ’‡ğŸ¿	corte de pelo, mujer, pelo, peluquerÃ­a, salÃ³n, tono de piel oscuro
ğŸ’‡â€â™‚	corte de pelo, hombre, hombre cortÃ¡ndose el pelo, pelo, peluquerÃ­a, salÃ³n
ğŸ’‡ğŸ»â€â™‚	corte de pelo, hombre, hombre cortÃ¡ndose el pelo, pelo, peluquerÃ­a, salÃ³n, tono de piel claro
ğŸ’‡ğŸ¼â€â™‚	corte de pelo, hombre, hombre cortÃ¡ndose el pelo, pelo, peluquerÃ­a, salÃ³n, tono de piel claro medio
ğŸ’‡ğŸ½â€â™‚	corte de pelo, hombre, hombre cortÃ¡ndose el pelo, pelo, peluquerÃ­a, salÃ³n, tono de piel medio
ğŸ’‡ğŸ¾â€â™‚	corte de pelo, hombre, hombre cortÃ¡ndose el pelo, pelo, peluquerÃ­a, salÃ³n, tono de piel oscuro medio
ğŸ’‡ğŸ¿â€â™‚	corte de pelo, hombre, hombre cortÃ¡ndose el pelo, pelo, peluquerÃ­a, salÃ³n, tono de piel oscuro
ğŸ’‡â€â™€	corte de pelo, mujer, mujer cortÃ¡ndose el pelo, pelo, peluquero, peluquerÃ­a
ğŸ’‡ğŸ»â€â™€	corte de pelo, mujer, mujer cortÃ¡ndose el pelo, pelo, peluquero, peluquerÃ­a, tono de piel claro
ğŸ’‡ğŸ¼â€â™€	corte de pelo, mujer, mujer cortÃ¡ndose el pelo, pelo, peluquero, peluquerÃ­a, tono de piel claro medio
ğŸ’‡ğŸ½â€â™€	corte de pelo, mujer, mujer cortÃ¡ndose el pelo, pelo, peluquero, peluquerÃ­a, tono de piel medio
ğŸ’‡ğŸ¾â€â™€	corte de pelo, mujer, mujer cortÃ¡ndose el pelo, pelo, peluquero, peluquerÃ­a, tono de piel oscuro medio
ğŸ’‡ğŸ¿â€â™€	corte de pelo, mujer, mujer cortÃ¡ndose el pelo, pelo, peluquero, peluquerÃ­a, tono de piel oscuro
ğŸ§‘â€ğŸ¦¯	Persona con bastÃ³n blanco
ğŸ§‘ğŸ»â€ğŸ¦¯	Persona con bastÃ³n blanco, Persona con bastÃ³n blanco: tono de piel claro, tono de piel claro
ğŸ§‘ğŸ¼â€ğŸ¦¯	Persona con bastÃ³n blanco, Persona con bastÃ³n blanco: tono de piel claro medio, tono de piel claro medio
ğŸ§‘ğŸ½â€ğŸ¦¯	Persona con bastÃ³n blanco, Persona con bastÃ³n blanco: tono de piel medio, tono de piel medio
ğŸ§‘ğŸ¾â€ğŸ¦¯	Persona con bastÃ³n blanco, Persona con bastÃ³n blanco: tono de piel oscuro medio, tono de piel oscuro medio
ğŸ§‘ğŸ¿â€ğŸ¦¯	Persona con bastÃ³n blanco, Persona con bastÃ³n blanco: tono de piel oscuro, tono de piel oscuro
ğŸ§‘â€ğŸ¦¼	Persona en silla de ruedas motorizada
ğŸ§‘ğŸ»â€ğŸ¦¼	Persona en silla de ruedas motorizada, Persona en silla de ruedas motorizada: tono de piel claro, tono de piel claro
ğŸ§‘ğŸ¼â€ğŸ¦¼	Persona en silla de ruedas motorizada, Persona en silla de ruedas motorizada: tono de piel claro medio, tono de piel claro medio
ğŸ§‘ğŸ½â€ğŸ¦¼	Persona en silla de ruedas motorizada, Persona en silla de ruedas motorizada: tono de piel medio, tono de piel medio
ğŸ§‘ğŸ¾â€ğŸ¦¼	Persona en silla de ruedas motorizada, Persona en silla de ruedas motorizada: tono de piel oscuro medio, tono de piel oscuro medio
ğŸ§‘ğŸ¿â€ğŸ¦¼	Persona en silla de ruedas motorizada, Persona en silla de ruedas motorizada: tono de piel oscuro, tono de piel oscuro
ğŸ§‘â€ğŸ¦½	persona en silla de ruedas manual
ğŸ§‘ğŸ»â€ğŸ¦½	persona en silla de ruedas manual, tono de piel claro
ğŸ§‘ğŸ¼â€ğŸ¦½	persona en silla de ruedas manual, tono de piel claro medio
ğŸ§‘ğŸ½â€ğŸ¦½	persona en silla de ruedas manual, tono de piel medio
ğŸ§‘ğŸ¾â€ğŸ¦½	persona en silla de ruedas manual, tono de piel oscuro medio
ğŸ§‘ğŸ¿â€ğŸ¦½	persona en silla de ruedas manual, tono de piel oscuro
ğŸ’ƒ	bailar, bailarina, bailarÃ­n, baile, flamenco, mujer bailando
ğŸ’ƒğŸ»	bailar, bailarina, bailarÃ­n, baile, flamenco, mujer bailando, tono de piel claro
ğŸ’ƒğŸ¼	bailar, bailarina, bailarÃ­n, baile, flamenco, mujer bailando, tono de piel claro medio
ğŸ’ƒğŸ½	bailar, bailarina, bailarÃ­n, baile, flamenco, mujer bailando, tono de piel medio
ğŸ’ƒğŸ¾	bailar, bailarina, bailarÃ­n, baile, flamenco, mujer bailando, tono de piel oscuro medio
ğŸ’ƒğŸ¿	bailar, bailarina, bailarÃ­n, baile, flamenco, mujer bailando, tono de piel oscuro
ğŸ‘¯	conejita, conejo, mujer, mujeres de fiesta, orejas
ğŸ§‘â€ğŸ¤â€ğŸ§‘	personas que se toman de la mano
ğŸ§‘ğŸ»â€ğŸ¤â€ğŸ§‘ğŸ»	personas que se toman de la mano, personas que se toman de la mano: tono de piel claro, tono de piel claro
ğŸ§‘ğŸ»â€ğŸ¤â€ğŸ§‘ğŸ¼	personas que se toman de la mano, personas que se toman de la mano: tono de piel claro y tono de piel claro medio, tono de piel claro, tono de piel claro medio
ğŸ§‘ğŸ»â€ğŸ¤â€ğŸ§‘ğŸ½	personas que se toman de la mano, personas que se toman de la mano: tono de piel claro y tono de piel medio, tono de piel claro, tono de piel medio
ğŸ§‘ğŸ»â€ğŸ¤â€ğŸ§‘ğŸ¾	personas que se toman de la mano, personas que se toman de la mano: tono de piel claro y tono de piel oscuro medio, tono de piel claro, tono de piel oscuro medio
ğŸ§‘ğŸ»â€ğŸ¤â€ğŸ§‘ğŸ¿	personas que se toman de la mano, personas que se toman de la mano: tono de piel claro y tono de piel oscuro, tono de piel claro, tono de piel oscuro
ğŸ§‘ğŸ¼â€ğŸ¤â€ğŸ§‘ğŸ»	personas que se toman de la mano, personas que se toman de la mano: tono de piel claro medio y tono de piel claro, tono de piel claro, tono de piel claro medio
ğŸ§‘ğŸ¼â€ğŸ¤â€ğŸ§‘ğŸ¼	personas que se toman de la mano, personas que se toman de la mano: tono de piel claro medio, tono de piel claro medio
ğŸ§‘ğŸ¼â€ğŸ¤â€ğŸ§‘ğŸ½	personas que se toman de la mano, personas que se toman de la mano: tono de piel claro medio y tono de piel medio, tono de piel claro medio, tono de piel medio
ğŸ§‘ğŸ¼â€ğŸ¤â€ğŸ§‘ğŸ¾	personas que se toman de la mano, personas que se toman de la mano: tono de piel claro medio y tono de piel oscuro medio, tono de piel claro medio, tono de piel oscuro medio
ğŸ§‘ğŸ¼â€ğŸ¤â€ğŸ§‘ğŸ¿	personas que se toman de la mano, personas que se toman de la mano: tono de piel claro medio y tono de piel oscuro, tono de piel claro medio, tono de piel oscuro
ğŸ§‘ğŸ½â€ğŸ¤â€ğŸ§‘ğŸ»	personas que se toman de la mano, personas que se toman de la mano: tono de piel medio y tono de piel claro, tono de piel claro, tono de piel medio
ğŸ§‘ğŸ½â€ğŸ¤â€ğŸ§‘ğŸ¼	personas que se toman de la mano, personas que se toman de la mano: tono de piel medio y tono de piel claro medio, tono de piel claro medio, tono de piel medio
ğŸ§‘ğŸ½â€ğŸ¤â€ğŸ§‘ğŸ½	personas que se toman de la mano, personas que se toman de la mano: tono de piel medio, tono de piel medio
ğŸ§‘ğŸ½â€ğŸ¤â€ğŸ§‘ğŸ¾	personas que se toman de la mano, personas que se toman de la mano: tono de piel medio y tono de piel oscuro medio, tono de piel medio, tono de piel oscuro medio
ğŸ§‘ğŸ½â€ğŸ¤â€ğŸ§‘ğŸ¿	personas que se toman de la mano, personas que se toman de la mano: tono de piel medio y tono de piel oscuro, tono de piel medio, tono de piel oscuro
ğŸ§‘ğŸ¾â€ğŸ¤â€ğŸ§‘ğŸ»	personas que se toman de la mano, personas que se toman de la mano: tono de piel oscuro medio y tono de piel claro, tono de piel claro, tono de piel oscuro medio
ğŸ§‘ğŸ¾â€ğŸ¤â€ğŸ§‘ğŸ¼	personas que se toman de la mano, personas que se toman de la mano: tono de piel oscuro medio y tono de piel claro medio, tono de piel claro medio, tono de piel oscuro medio
ğŸ§‘ğŸ¾â€ğŸ¤â€ğŸ§‘ğŸ½	personas que se toman de la mano, personas que se toman de la mano: tono de piel oscuro medio y tono de piel medio, tono de piel medio, tono de piel oscuro medio
ğŸ§‘ğŸ¾â€ğŸ¤â€ğŸ§‘ğŸ¾	personas que se toman de la mano, personas que se toman de la mano: tono de piel oscuro medio, tono de piel oscuro medio
ğŸ§‘ğŸ¾â€ğŸ¤â€ğŸ§‘ğŸ¿	personas que se toman de la mano, personas que se toman de la mano: tono de piel oscuro medio y tono de piel oscuro, tono de piel oscuro, tono de piel oscuro medio
ğŸ§‘ğŸ¿â€ğŸ¤â€ğŸ§‘ğŸ»	personas que se toman de la mano, personas que se toman de la mano: tono de piel oscuro y tono de piel claro, tono de piel claro, tono de piel oscuro
ğŸ§‘ğŸ¿â€ğŸ¤â€ğŸ§‘ğŸ¼	personas que se toman de la mano, personas que se toman de la mano: tono de piel oscuro y tono de piel claro medio, tono de piel claro medio, tono de piel oscuro
ğŸ§‘ğŸ¿â€ğŸ¤â€ğŸ§‘ğŸ½	personas que se toman de la mano, personas que se toman de la mano: tono de piel oscuro y tono de piel medio, tono de piel medio, tono de piel oscuro
ğŸ§‘ğŸ¿â€ğŸ¤â€ğŸ§‘ğŸ¾	personas que se toman de la mano, personas que se toman de la mano: tono de piel oscuro y tono de piel oscuro medio, tono de piel oscuro, tono de piel oscuro medio
ğŸ§‘ğŸ¿â€ğŸ¤â€ğŸ§‘ğŸ¿	personas que se toman de la mano, personas que se toman de la mano: tono de piel oscuro, tono de piel oscuro
ğŸ‘«	hombre y mujer de la mano
ğŸ‘«ğŸ»	hombre y mujer de la mano, hombre y mujer de la mano: tono de piel claro, tono de piel claro
ğŸ‘©ğŸ»â€ğŸ¤â€ğŸ‘¨ğŸ¼	hombre y mujer de la mano, hombre y mujer de la mano: tono de piel claro y tono de piel claro medio, tono de piel claro, tono de piel claro medio
ğŸ‘©ğŸ»â€ğŸ¤â€ğŸ‘¨ğŸ½	hombre y mujer de la mano, hombre y mujer de la mano: tono de piel claro y tono de piel medio, tono de piel claro, tono de piel medio
ğŸ‘©ğŸ»â€ğŸ¤â€ğŸ‘¨ğŸ¾	hombre y mujer de la mano, hombre y mujer de la mano: tono de piel claro y tono de piel oscuro medio, tono de piel claro, tono de piel oscuro medio
ğŸ‘©ğŸ»â€ğŸ¤â€ğŸ‘¨ğŸ¿	hombre y mujer de la mano, hombre y mujer de la mano: tono de piel claro y tono de piel oscuro, tono de piel claro, tono de piel oscuro
ğŸ‘©ğŸ¼â€ğŸ¤â€ğŸ‘¨ğŸ»	hombre y mujer de la mano, hombre y mujer de la mano: tono de piel claro medio y tono de piel claro, tono de piel claro, tono de piel claro medio
ğŸ‘«ğŸ¼	hombre y mujer de la mano, hombre y mujer de la mano: tono de piel claro medio, tono de piel claro medio
ğŸ‘©ğŸ¼â€ğŸ¤â€ğŸ‘¨ğŸ½	hombre y mujer de la mano, hombre y mujer de la mano: tono de piel claro medio y tono de piel medio, tono de piel claro medio, tono de piel medio
ğŸ‘©ğŸ¼â€ğŸ¤â€ğŸ‘¨ğŸ¾	hombre y mujer de la mano, hombre y mujer de la mano: tono de piel claro medio y tono de piel oscuro medio, tono de piel claro medio, tono de piel oscuro medio
ğŸ‘©ğŸ¼â€ğŸ¤â€ğŸ‘¨ğŸ¿	hombre y mujer de la mano, hombre y mujer de la mano: tono de piel claro medio y tono de piel oscuro, tono de piel claro medio, tono de piel oscuro
ğŸ‘©ğŸ½â€ğŸ¤â€ğŸ‘¨ğŸ»	hombre y mujer de la mano, hombre y mujer de la mano: tono de piel medio y tono de piel claro, tono de piel claro, tono de piel medio
ğŸ‘©ğŸ½â€ğŸ¤â€ğŸ‘¨ğŸ¼	hombre y mujer de la mano, hombre y mujer de la mano: tono de piel medio y tono de piel claro medio, tono de piel claro medio, tono de piel medio
ğŸ‘«ğŸ½	hombre y mujer de la mano, hombre y mujer de la mano: tono de piel medio, tono de piel medio
ğŸ‘©ğŸ½â€ğŸ¤â€ğŸ‘¨ğŸ¾	hombre y mujer de la mano, hombre y mujer de la mano: tono de piel medio y tono de piel oscuro medio, tono de piel medio, tono de piel oscuro medio
ğŸ‘©ğŸ½â€ğŸ¤â€ğŸ‘¨ğŸ¿	hombre y mujer de la mano, hombre y mujer de la mano: tono de piel medio y tono de piel oscuro, tono de piel medio, tono de piel oscuro
ğŸ‘©ğŸ¾â€ğŸ¤â€ğŸ‘¨ğŸ»	hombre y mujer de la mano, hombre y mujer de la mano: tono de piel oscuro medio y tono de piel claro, tono de piel claro, tono de piel oscuro medio
ğŸ‘©ğŸ¾â€ğŸ¤â€ğŸ‘¨ğŸ¼	hombre y mujer de la mano, hombre y mujer de la mano: tono de piel oscuro medio y tono de piel claro medio, tono de piel claro medio, tono de piel oscuro medio
ğŸ‘©ğŸ¾â€ğŸ¤â€ğŸ‘¨ğŸ½	hombre y mujer de la mano, hombre y mujer de la mano: tono de piel oscuro medio y tono de piel medio, tono de piel medio, tono de piel oscuro medio
ğŸ‘«ğŸ¾	hombre y mujer de la mano, hombre y mujer de la mano: tono de piel oscuro medio, tono de piel oscuro medio
ğŸ‘©ğŸ¾â€ğŸ¤â€ğŸ‘¨ğŸ¿	hombre y mujer de la mano, hombre y mujer de la mano: tono de piel oscuro medio y tono de piel oscuro, tono de piel oscuro, tono de piel oscuro medio
ğŸ‘©ğŸ¿â€ğŸ¤â€ğŸ‘¨ğŸ»	hombre y mujer de la mano, hombre y mujer de la mano: tono de piel oscuro y tono de piel claro, tono de piel claro, tono de piel oscuro
ğŸ‘©ğŸ¿â€ğŸ¤â€ğŸ‘¨ğŸ¼	hombre y mujer de la mano, hombre y mujer de la mano: tono de piel oscuro y tono de piel claro medio, tono de piel claro medio, tono de piel oscuro
ğŸ‘©ğŸ¿â€ğŸ¤â€ğŸ‘¨ğŸ½	hombre y mujer de la mano, hombre y mujer de la mano: tono de piel oscuro y tono de piel medio, tono de piel medio, tono de piel oscuro
ğŸ‘©ğŸ¿â€ğŸ¤â€ğŸ‘¨ğŸ¾	hombre y mujer de la mano, hombre y mujer de la mano: tono de piel oscuro y tono de piel oscuro medio, tono de piel oscuro, tono de piel oscuro medio
ğŸ‘«ğŸ¿	hombre y mujer de la mano, hombre y mujer de la mano: tono de piel oscuro, tono de piel oscuro
ğŸ’	beso
ğŸ‘©â€â¤â€ğŸ’‹â€ğŸ‘¨	beso, beso: mujer y hombre, hombre, mujer
ğŸ‘¨â€â¤â€ğŸ’‹â€ğŸ‘¨	beso, beso: hombre y hombre, hombre
ğŸ‘©â€â¤â€ğŸ’‹â€ğŸ‘©	beso, beso: mujer y mujer, mujer
ğŸ’‘	hombre y mujer enamorados
ğŸ‘©â€â¤â€ğŸ‘¨	hombre, hombre y mujer enamorados, hombre y mujer enamorados: mujer y hombre, mujer
ğŸ‘¨â€â¤â€ğŸ‘¨	hombre, hombre y mujer enamorados, hombre y mujer enamorados: hombre y hombre
ğŸ‘©â€â¤â€ğŸ‘©	hombre y mujer enamorados, hombre y mujer enamorados: mujer y mujer, mujer
ğŸ‘ªï¸	familia, hija, hijo, madre, padre
ğŸ‘¨â€ğŸ‘©â€ğŸ‘¦	familia, hija, hijo, hombre, madre, mujer, niÃ±o, padre
ğŸ‘¨â€ğŸ‘©â€ğŸ‘§	familia, hija, hijo, hombre, madre, mujer, niÃ±a, padre
ğŸ‘¨â€ğŸ‘©â€ğŸ‘§â€ğŸ‘¦	familia, hija, hijo, hombre, madre, mujer, niÃ±a, niÃ±o, padre
ğŸ‘¨â€ğŸ‘©â€ğŸ‘¦â€ğŸ‘¦	familia, hija, hijo, hombre, madre, mujer, niÃ±o, padre
ğŸ‘¨â€ğŸ‘©â€ğŸ‘§â€ğŸ‘§	familia, hija, hijo, hombre, madre, mujer, niÃ±a, padre
ğŸ‘¨â€ğŸ‘¨â€ğŸ‘¦	familia, hija, hijo, hombre, madre, niÃ±o, padre
ğŸ‘¨â€ğŸ‘¨â€ğŸ‘§	familia, hija, hijo, hombre, madre, niÃ±a, padre
ğŸ‘¨â€ğŸ‘¨â€ğŸ‘§â€ğŸ‘¦	familia, hija, hijo, hombre, madre, niÃ±a, niÃ±o, padre
ğŸ‘¨â€ğŸ‘¨â€ğŸ‘¦â€ğŸ‘¦	familia, hija, hijo, hombre, madre, niÃ±o, padre
ğŸ‘¨â€ğŸ‘¨â€ğŸ‘§â€ğŸ‘§	familia, hija, hijo, hombre, madre, niÃ±a, padre
ğŸ‘©â€ğŸ‘©â€ğŸ‘¦	familia, hija, hijo, madre, mujer, niÃ±o, padre
ğŸ‘©â€ğŸ‘©â€ğŸ‘§	familia, hija, hijo, madre, mujer, niÃ±a, padre
ğŸ‘©â€ğŸ‘©â€ğŸ‘§â€ğŸ‘¦	familia, hija, hijo, madre, mujer, niÃ±a, niÃ±o, padre
ğŸ‘©â€ğŸ‘©â€ğŸ‘¦â€ğŸ‘¦	familia, hija, hijo, madre, mujer, niÃ±o, padre
ğŸ‘©â€ğŸ‘©â€ğŸ‘§â€ğŸ‘§	familia, hija, hijo, madre, mujer, niÃ±a, padre
ğŸ‘¨â€ğŸ‘¦	familia, hija, hijo, hombre, madre, niÃ±o, padre
ğŸ‘¨â€ğŸ‘¦â€ğŸ‘¦	familia, hija, hijo, hombre, madre, niÃ±o, padre
ğŸ‘¨â€ğŸ‘§	familia, hija, hijo, hombre, madre, niÃ±a, padre
ğŸ‘¨â€ğŸ‘§â€ğŸ‘¦	familia, hija, hijo, hombre, madre, niÃ±a, niÃ±o, padre
ğŸ‘¨â€ğŸ‘§â€ğŸ‘§	familia, hija, hijo, hombre, madre, niÃ±a, padre
ğŸ‘©â€ğŸ‘¦	familia, hija, hijo, madre, mujer, niÃ±o, padre
ğŸ‘©â€ğŸ‘¦â€ğŸ‘¦	familia, hija, hijo, madre, mujer, niÃ±o, padre
ğŸ‘©â€ğŸ‘§	familia, hija, hijo, madre, mujer, niÃ±a, padre
ğŸ‘©â€ğŸ‘§â€ğŸ‘¦	familia, hija, hijo, madre, mujer, niÃ±a, niÃ±o, padre
ğŸ‘©â€ğŸ‘§â€ğŸ‘§	familia, hija, hijo, madre, mujer, niÃ±a, padre
ğŸ«‚	personas que se abrazan
ğŸ‘£	cuerpo, huellas de pies, pie, pisada
ğŸ¦°	pelirrojo
ğŸ¦±	pelo enrulado
ğŸ¦³	pelo canoso
ğŸ¦²	pelado
ğŸ¦	mapache
ğŸ¦¬	bisonte
ğŸ½	cara, cerdo, chancho, hocico, hocico de cerdo
ğŸ¦™	llama
ğŸ¦£	mamut
ğŸ¦›	hipopÃ³tamo
ğŸ¦«	castor
ğŸ¦˜	canguro
ğŸ¦¡	tejÃ³n
ğŸ¦¢	cisne
ğŸ¦¤	dodo
ğŸª¶	pluma
ğŸ¦š	pavo real
ğŸ¦œ	loro
ğŸ²	animal, cara de dragÃ³n, cuento, dragÃ³n, fantasÃ­a
ğŸ¦­	foca
ğŸš	caracola marina
ğŸª²	escarabajo
ğŸª³	cucaracha
ğŸ¦Ÿ	mosquito
ğŸª°	mosca
ğŸª±	gusano
ğŸ¦ 	microbio
ğŸª´	planta en una maceta
ğŸ¥­	mango
ğŸ«	arÃ¡ndanos
ğŸ«’	aceituna
ğŸ«‘	pimiento morrÃ³n
ğŸ¥¬	verdura de hoja
ğŸ¥	medialuna
ğŸ«“	pan plano
ğŸ¥¯	bagel
ğŸ«”	tamal
ğŸ«•	fondue
ğŸ§‚	sal
ğŸ¢	brocheta de mariscos, brochetas, brochettes, comida, mariscos
ğŸ¤	camarones, camarones fritos, comida, japonesa, tempura
ğŸ¥®	pastel de luna
ğŸ¡	brocheta, comida, dango, dulce, japonesa
ğŸ¥Ÿ	empanada
ğŸ¦	langosta
ğŸ¦	cono, dulce, frÃ­o, helado, helado en cucurucho
ğŸ§	dulce, frÃ­o, helado, hielo, hielo molido
ğŸ‚	cumpleaÃ±os, dulce, fiesta, pastel, torta, torta de cumpleaÃ±os
ğŸ°	cumpleaÃ±os, dulce, fiesta, porciÃ³n de torta, torta
ğŸ§	pastelito
ğŸ«–	tetera
ğŸ¾	botella, botella descorchada, celebrar, champaÃ±a, champÃ¡n, festejar
ğŸ¹	bar, bebida, cÃ³ctel, trago, tropical
ğŸ»	bebida, brindis, brindis con cerveza, celebrar, cerveza
ğŸ§‹	tÃ© de burbujas
ğŸŒ	Europa, globo, globo terrÃ¡queo Europa/Ãfrica, Ãfrica
ğŸŒ	Asia, Australia, globo, globo terrÃ¡queo Asia/OceanÃ­a
ğŸŒ	globo, globo terrÃ¡queo con meridianos, meridianos, mundo, paralelos, terrÃ¡queo
ğŸ§­	brÃºjula
ğŸ§±	ladrillos
ğŸ›–	choza
ğŸŒ‡	amanecer, atardecer, edificios, puesta, puesta de sol sobre edificios
â™¨ï¸	aguas, caliente, fuentes termales, termales, termas
ğŸš‚	ferrocarril, locomotora, transporte, tren, tren a vapor
ğŸš„	bala, ferrocarril, rÃ¡pido, tren, tren de alta velocidad, velocidad
ğŸš…	bala, ferrocarril, rÃ¡pido, tren, velocidad
ğŸš	ferrocarril, ferrocarril de montaÃ±a, montaÃ±a, transporte, tren, viajar
ğŸ›¹	patineta
ğŸ›¼	patÃ­n
â›½ï¸	dispensador, estaciÃ³n de gasolina, gasolina, nafta, surtidor
ğŸš¨	luz, luz de patrullero, patrullero, policÃ­a, sirena
ğŸ›«	aviÃ³n, aviÃ³n despegando, despegar, despegue, partida, salida
ğŸ›¸	platillo volador
ğŸ§³	equipaje
ğŸŒ’	creciente, espacio, luna, nueva, visible
ğŸŒ™	cruasÃ¡n
â›…ï¸	nubes, nublado, parcialmente nublado, sol, tiempo
â˜ƒï¸	invierno, muÃ±eco, muÃ±eco de nieve nevado, nieve
ğŸ§¨	petardo
ğŸ	banderÃ­n, banderÃ­n con forma de carpa, celebraciÃ³n, festejo, japonÃ©s
ğŸ§§	sobre rojo
ğŸ¥	sÃ³ftbol
ğŸ€	bÃ¡squet, bÃ¡squetbol, deporte, pelota, pelota de bÃ¡squet
ğŸ¥	frisbee
ğŸ¥	lacrosse
ğŸ“	mesa, paleta, pelota, ping, pong, tenis de mesa
ğŸ¥‹	artes marciales, judo, karate, taekwondo, uniforme, uniforme de artes marciales
ğŸ£	caÃ±a, caÃ±a de pescar, ocio, pesca, pescado, pescar
ğŸ½	camiseta, camiseta para correr, correr, mangas, musculosa
ğŸ¯	dardo, dardo en el centro, diana, juego, objetivo
ğŸª„	varita mÃ¡gica
ğŸ§¿	nazar
ğŸ®ï¸	control, joystick, juego, mando, video juegos
ğŸ°	apuestas, casino, juego, mÃ¡quina, tragamonedas
ğŸ§©	rompecabezas
ğŸ§¸	oso de peluche
ğŸª†	muÃ±ecas rusas
â™Ÿï¸	peÃ³n (ajedrez)
ğŸ¨	arte, artista, paleta, paleta de pinturas, pintor
ğŸ§µ	hilo
ğŸª¡	aguja de coser
ğŸ§¶	ovillo
ğŸª¢	nudo
ğŸ‘“ï¸	lentes
ğŸ•¶ï¸	anteojos, anteojos de sol, gafas, lentes de sol, oscuros, sol
ğŸ¥½	antiparras
ğŸ¥¼	bata de laboratorio
ğŸ‘–	jeans
ğŸ‘™	bikini, nadar, pileta, piscina, ropa, traje
ğŸ‘œ	bolso
ğŸ‘	bolso de mano, cartera, ropa, sobre, vestimenta
ğŸ’	escuela, estudiar, maletÃ­n, mochila escolar
ğŸ‘Ÿ	tenis
ğŸ¥¾	botas de excursiÃ³n
ğŸ¥¿	zapato chato
ğŸ‘ 	zapatilla
ğŸ©	caballero, copa, hombre, sombrero, sombrero de copa
ğŸ“ï¸	birrete
â›‘ï¸	casco con una cruz blanca
ğŸ”‡	altavoz silenciado
ğŸ¼	clave, clave de sol, mÃºsica, partitura, pentagrama
ğŸª—	acordeÃ³n
ğŸª˜	tamboril
ğŸ®	farol, farol de papel japonÃ©s, izakaya, linterna, papel
ğŸª™	moneda
ğŸ§¾	recibo
ğŸ’¹	grÃ¡fico, mercado, mercado en alza, tendencia, yen
ğŸ“¨	carta, correo electrÃ³nico, mensaje, mensaje entrante, recibido, sobre
ğŸ“©	carta, comunicaciÃ³n, correo electrÃ³nico, enviado, mensaje, mensaje saliente
ğŸ“¤ï¸	bandeja, bandeja de salida, comunicaciÃ³n, correo, enviados, salida
ğŸ“¥ï¸	bandeja de entrada, comunicaciÃ³n, correo, entrada, entrante, recibidos
ğŸ“ˆ	alza, ascendente, grÃ¡fico, tabla, tendencia ascendente
ğŸ“‰	baja, descendente, grÃ¡fico, tabla, tendencia descendente
ğŸ§°	caja de herramientas
ğŸ§«	placa de Petri
ğŸ§¬	ADN
ğŸ“¡	antena satelital
ğŸª	espejo
ğŸª¤	trampa para ratones
ğŸ§´	botella de lociÃ³n
ğŸ§·	broche de seguridad
ğŸ§¹	escoba
ğŸ§º	canasta
ğŸ§»	rollo de papel
ğŸª£	balde
ğŸ§¼	jabÃ³n
ğŸ§½	esponja
ğŸ§¯	extintor
ğŸ›’	carriito, carrito de compras, carro, compras, supermercado
ğŸª¦	lÃ¡pida
ğŸª§	cartel
ğŸš«	no, pasar, prohibido, seÃ±al, seÃ±al de prohibiciÃ³n
â¬†ï¸	cardinal, direcciÃ³n, flecha, flecha hacia arriba, flecha hacia el norte, norte
â†—ï¸	derecha, direcciÃ³n, flecha, flecha hacia el noreste, flecha hacia la esquina superior derecha, noreste
â¡ï¸	derecha, direcciÃ³n, este, flecha, flecha hacia el este, flecha hacia la derecha
â†˜ï¸	abajo, direcciÃ³n, flecha, flecha hacia el sudeste, flecha hacia la esquina inferior derecha, sudeste
â¬‡ï¸	cardinal, direcciÃ³n, flecha, flecha hacia abajo, flecha hacia el sur, punto
â†™ï¸	abajo, direcciÃ³n, flecha, flecha hacia el sudoeste, flecha hacia la esquina inferior izquierda, sudoeste
â¬…ï¸	direcciÃ³n, flecha, flecha hacia el oeste, flecha hacia la izquierda, izquierda, oeste
â†–ï¸	arriba, direcciÃ³n, flecha, flecha hacia el noroeste, flecha hacia la esquina superior izquierda, noroeste
â­	avanzar, avanzar a la pista siguiente, botÃ³n, mÃºsica, siguiente
â™¾ï¸	infinito
ğŸ”°	bandera, hoja, japonÃ©s, principiante, sÃ­mbolo japonÃ©s de principiante
#âƒ£	tecla, tecla: #
*âƒ£	tecla, tecla: *
0âƒ£	tecla, tecla: 0
1âƒ£	tecla, tecla: 1
2âƒ£	tecla, tecla: 2
3âƒ£	tecla, tecla: 3
4âƒ£	tecla, tecla: 4
5âƒ£	tecla, tecla: 5
6âƒ£	tecla, tecla: 6
7âƒ£	tecla, tecla: 7
8âƒ£	tecla, tecla: 8
9âƒ£	tecla, tecla: 9
ğŸ”Ÿ	tecla, tecla: 10
ğŸˆ·	"cantidad mensual" en japonÃ©s
ğŸ”³	borde, botÃ³n, cuadrado, cuadrado negro con borde blanco, marco
ğŸ”²	borde, botÃ³n, cuadrado, cuadrado blanco con borde negro, marco
ğŸ	bandera, bandera de cuadros, blanco, carrera, deporte, negro
ğŸ´â€â˜ 	bandera pirata
ğŸ‡¦ğŸ‡¨	bandera: Isla de la AscensiÃ³n
ğŸ‡§ğŸ‡¦	bandera: Bosnia y Herzegovina
ğŸ‡¨ğŸ‡®	bandera: CÃ´te dâ€™Ivoire
ğŸ‡¬ğŸ‡¬	bandera: Guernsey
ğŸ‡¹ğŸ‡¦	bandera: TristÃ¡n de AcuÃ±a
ğŸ‡ºğŸ‡²	bandera: Islas menores alejadas de EE. UU.
