ğŸ˜€	acmumeá¸¥ meqqren
ğŸ˜ƒ	acmumeh n lfarh
ğŸ˜„	acmumeh amesrar
ğŸ˜	acmumeá¸¥ n tuÉ£mas meá¹›á¹›a
ğŸ˜†	udem acmumaá¸¥ akked yimi yeldin d wallen imedlen
ğŸ˜…	acmumeh n reffu
ğŸ¤£	axbibed di tmurt si tedsa
ğŸ˜‚	taá¸sa ar imeá¹­á¹­awen
ğŸ™‚	acmumeh afessas
ğŸ˜‰	udem yemmalen aÉ£maz n ti
ğŸ˜Š	udem innecá¹›aá¸¥en s wallen icmumá¸¥en
ğŸ˜	udem yecmumhen d wallen igan am wul
ğŸ˜˜	tasudent d wul
ğŸ˜—	tamact
â˜ºï¸	udem n ucmumeá¸¥
ğŸ˜š	tasudent allen medlent
ğŸ˜™	tasudent meqren
ğŸ˜‹	ham-ham
ğŸ˜›	Udem s yiles
ğŸ˜œ	Udem yessufÉ£en iles
ğŸ¤—	udem yefkan ahennec
ğŸ¤”	udem ikecmen di ttexmim
ğŸ¤	udem d yimi ixaden
ğŸ¤¨	afus irefden iá¸udan bejqen
ğŸ˜ï¸	war awal
ğŸ˜‘	udem war asunfal
ğŸ˜¶	ulac imi
ğŸ˜	acmumeh n tiherci
ğŸ˜’	udem ameklu
ğŸ™„	baÉ›ar s wallen
ğŸ˜Œ	udem yenirsen
ğŸ˜ª	udem yeá¹­á¹­sen
ğŸ¤¤	asluddu
ğŸ˜´	udem anudam
ğŸ˜·	udem s tgelmust
ğŸ¤’	udem s utirmumitr
ğŸ˜	acmumeá¸¥ s nwader n yiá¹­ij
â˜¹ï¸	udem amiglaz
ğŸ˜®	vennej
ğŸ˜¯	udem war taÉ£ect
ğŸ˜¥	uk
ğŸ˜£	udem akayay
ğŸ˜«	udem yeÉ›yan
ğŸ‘¶	á¹£ebyan
ğŸ‘¶ğŸ»	tagwlimt taceÉ›lalt, á¹£ebyan, á¹£ebyan: tagwlimt taceÉ›lalt
ğŸ‘¶ğŸ¼	tagwlimt taceÉ›lalt talemmast, á¹£ebyan, á¹£ebyan: tagwlimt taceÉ›lalt talemmast
ğŸ‘¶ğŸ½	taglimt talemmast, á¹£ebyan, á¹£ebyan: taglimt talemmast
ğŸ‘¶ğŸ¾	tagwlimt tubrikt talemmast, á¹£ebyan, á¹£ebyan: tagwlimt tubrikt talemmast
ğŸ‘¶ğŸ¿	tagwlimt tubrikt, á¹£ebyan, á¹£ebyan: tagwlimt tubrikt
ğŸ§’	agrud
ğŸ§’ğŸ»	agrud, agrud: tagwlimt taceÉ›lalt, tagwlimt taceÉ›lalt
ğŸ§’ğŸ¼	agrud, agrud: tagwlimt taceÉ›lalt talemmast, tagwlimt taceÉ›lalt talemmast
ğŸ§’ğŸ½	agrud, agrud: taglimt talemmast, taglimt talemmast
ğŸ§’ğŸ¾	agrud, agrud: tagwlimt tubrikt talemmast, tagwlimt tubrikt talemmast
ğŸ§’ğŸ¿	agrud, agrud: tagwlimt tubrikt, tagwlimt tubrikt
ğŸ‘¦	aqruá¹›
ğŸ‘¦ğŸ»	aqruá¹›, aqruá¹›: tagwlimt taceÉ›lalt, tagwlimt taceÉ›lalt
ğŸ‘¦ğŸ¼	aqruá¹›, aqruá¹›: tagwlimt taceÉ›lalt talemmast, tagwlimt taceÉ›lalt talemmast
ğŸ‘¦ğŸ½	aqruá¹›, aqruá¹›: taglimt talemmast, taglimt talemmast
ğŸ‘¦ğŸ¾	aqruá¹›, aqruá¹›: tagwlimt tubrikt talemmast, tagwlimt tubrikt talemmast
ğŸ‘¦ğŸ¿	aqruá¹›, aqruá¹›: tagwlimt tubrikt, tagwlimt tubrikt
ğŸ‘§	Taqruá¹›t
ğŸ‘§ğŸ»	Taqruá¹›t, Taqruá¹›t: tagwlimt taceÉ›lalt, tagwlimt taceÉ›lalt
ğŸ‘§ğŸ¼	Taqruá¹›t, Taqruá¹›t: tagwlimt taceÉ›lalt talemmast, tagwlimt taceÉ›lalt talemmast
ğŸ‘§ğŸ½	Taqruá¹›t, Taqruá¹›t: taglimt talemmast, taglimt talemmast
ğŸ‘§ğŸ¾	Taqruá¹›t, Taqruá¹›t: tagwlimt tubrikt talemmast, tagwlimt tubrikt talemmast
ğŸ‘§ğŸ¿	Taqruá¹›t, Taqruá¹›t: tagwlimt tubrikt, tagwlimt tubrikt
ğŸ§‘	amengaá¸
ğŸ§‘ğŸ»	amengaá¸, amengaá¸: tagwlimt taceÉ›lalt, tagwlimt taceÉ›lalt
ğŸ§‘ğŸ¼	amengaá¸, amengaá¸: tagwlimt taceÉ›lalt talemmast, tagwlimt taceÉ›lalt talemmast
ğŸ§‘ğŸ½	amengaá¸, amengaá¸: taglimt talemmast, taglimt talemmast
ğŸ§‘ğŸ¾	amengaá¸, amengaá¸: tagwlimt tubrikt talemmast, tagwlimt tubrikt talemmast
ğŸ§‘ğŸ¿	amengaá¸, amengaá¸: tagwlimt tubrikt, tagwlimt tubrikt
ğŸ‘¨	argaz
ğŸ‘¨ğŸ»	argaz, argaz: tagwlimt taceÉ›lalt, tagwlimt taceÉ›lalt
ğŸ‘¨ğŸ¼	argaz, argaz: tagwlimt taceÉ›lalt talemmast, tagwlimt taceÉ›lalt talemmast
ğŸ‘¨ğŸ½	argaz, argaz: taglimt talemmast, taglimt talemmast
ğŸ‘¨ğŸ¾	argaz, argaz: tagwlimt tubrikt talemmast, tagwlimt tubrikt talemmast
ğŸ‘¨ğŸ¿	argaz, argaz: tagwlimt tubrikt, tagwlimt tubrikt
ğŸ‘¨â€ğŸ¦°	acekkuá¸¥ azeggaÉ£, argaz, argaz: acekkuá¸¥ azeggaÉ£
ğŸ‘¨ğŸ»â€ğŸ¦°	acekkuá¸¥ azeggaÉ£, argaz, argaz: tagwlimt taceÉ›lalt, acekkuá¸¥ azeggaÉ£, tagwlimt taceÉ›lalt
ğŸ‘¨ğŸ¼â€ğŸ¦°	acekkuá¸¥ azeggaÉ£, argaz, argaz: tagwlimt taceÉ›lalt talemmast, acekkuá¸¥ azeggaÉ£, tagwlimt taceÉ›lalt talemmast
ğŸ‘¨ğŸ½â€ğŸ¦°	acekkuá¸¥ azeggaÉ£, argaz, argaz: taglimt talemmast, acekkuá¸¥ azeggaÉ£, taglimt talemmast
ğŸ‘¨ğŸ¾â€ğŸ¦°	acekkuá¸¥ azeggaÉ£, argaz, argaz: tagwlimt tubrikt talemmast, acekkuá¸¥ azeggaÉ£, tagwlimt tubrikt talemmast
ğŸ‘¨ğŸ¿â€ğŸ¦°	acekkuá¸¥ azeggaÉ£, argaz, argaz: tagwlimt tubrikt, acekkuá¸¥ azeggaÉ£, tagwlimt tubrikt
ğŸ‘©	tameá¹­á¹­ut
ğŸ‘©ğŸ»	tagwlimt taceÉ›lalt, tameá¹­á¹­ut, tameá¹­á¹­ut: tagwlimt taceÉ›lalt
ğŸ‘©ğŸ¼	tagwlimt taceÉ›lalt talemmast, tameá¹­á¹­ut, tameá¹­á¹­ut: tagwlimt taceÉ›lalt talemmast
ğŸ‘©ğŸ½	taglimt talemmast, tameá¹­á¹­ut, tameá¹­á¹­ut: taglimt talemmast
ğŸ‘©ğŸ¾	tagwlimt tubrikt talemmast, tameá¹­á¹­ut, tameá¹­á¹­ut: tagwlimt tubrikt talemmast
ğŸ‘©ğŸ¿	tagwlimt tubrikt, tameá¹­á¹­ut, tameá¹­á¹­ut: tagwlimt tubrikt
ğŸ‘©â€ğŸ¦°	acekkuá¸¥ azeggaÉ£, tameá¹­á¹­ut, tameá¹­á¹­ut: acekkuá¸¥ azeggaÉ£
ğŸ‘©ğŸ»â€ğŸ¦°	acekkuá¸¥ azeggaÉ£, tagwlimt taceÉ›lalt, tameá¹­á¹­ut, tameá¹­á¹­ut: tagwlimt taceÉ›lalt, acekkuá¸¥ azeggaÉ£
ğŸ‘©ğŸ¼â€ğŸ¦°	acekkuá¸¥ azeggaÉ£, tagwlimt taceÉ›lalt talemmast, tameá¹­á¹­ut, tameá¹­á¹­ut: tagwlimt taceÉ›lalt talemmast, acekkuá¸¥ azeggaÉ£
ğŸ‘©ğŸ½â€ğŸ¦°	acekkuá¸¥ azeggaÉ£, taglimt talemmast, tameá¹­á¹­ut, tameá¹­á¹­ut: taglimt talemmast, acekkuá¸¥ azeggaÉ£
ğŸ‘©ğŸ¾â€ğŸ¦°	acekkuá¸¥ azeggaÉ£, tagwlimt tubrikt talemmast, tameá¹­á¹­ut, tameá¹­á¹­ut: tagwlimt tubrikt talemmast, acekkuá¸¥ azeggaÉ£
ğŸ‘©ğŸ¿â€ğŸ¦°	acekkuá¸¥ azeggaÉ£, tagwlimt tubrikt, tameá¹­á¹­ut, tameá¹­á¹­ut: tagwlimt tubrikt, acekkuá¸¥ azeggaÉ£
ğŸ§“	amengaá¸ meqqren
ğŸ§“ğŸ»	amengaá¸ meqqren, amengaá¸ meqqren: tagwlimt taceÉ›lalt, tagwlimt taceÉ›lalt
ğŸ§“ğŸ¼	amengaá¸ meqqren, amengaá¸ meqqren: tagwlimt taceÉ›lalt talemmast, tagwlimt taceÉ›lalt talemmast
ğŸ§“ğŸ½	amengaá¸ meqqren, amengaá¸ meqqren: taglimt talemmast, taglimt talemmast
ğŸ§“ğŸ¾	amengaá¸ meqqren, amengaá¸ meqqren: tagwlimt tubrikt talemmast, tagwlimt tubrikt talemmast
ğŸ§“ğŸ¿	amengaá¸ meqqren, amengaá¸ meqqren: tagwlimt tubrikt, tagwlimt tubrikt
ğŸ‘´	amÉ£aá¹›
ğŸ‘´ğŸ»	amÉ£aá¹›, amÉ£aá¹›: tagwlimt taceÉ›lalt, tagwlimt taceÉ›lalt
ğŸ‘´ğŸ¼	amÉ£aá¹›, amÉ£aá¹›: tagwlimt taceÉ›lalt talemmast, tagwlimt taceÉ›lalt talemmast
ğŸ‘´ğŸ½	amÉ£aá¹›, amÉ£aá¹›: taglimt talemmast, taglimt talemmast
ğŸ‘´ğŸ¾	amÉ£aá¹›, amÉ£aá¹›: tagwlimt tubrikt talemmast, tagwlimt tubrikt talemmast
ğŸ‘´ğŸ¿	amÉ£aá¹›, amÉ£aá¹›: tagwlimt tubrikt, tagwlimt tubrikt
ğŸ¦°	acekkuá¸¥ azeggaÉ£
ğŸµ	taqeá¹›á¹›uct n ivki
ğŸ’	ivki
ğŸ¦	aguril
ğŸ¶	taqeá¹›á¹›uct n waydi
ğŸ•ï¸	aydi
ğŸ©	akennic
ğŸº	aguleh
ğŸ¦Š	avaá¹›aÉ£
ğŸ±	taqerruct n wemcic
ğŸœ	taweá¹­á¹­uft
ğŸ	tizizwit
ğŸ	takumda
ğŸ¦—	ajá¹›ad
ğŸ•·ï¸	tissist
ğŸ•¸ï¸	azeá¹­á¹­a n tissit
ğŸ¦‚	tiÉ£iá¹›demt
ğŸ’	tafuseÈ›
ğŸŒ¸	ajeÄŸÄŸig n taknisya
ğŸ’®	ajeÄŸÄŸig amellal
ğŸµï¸	tawardit
ğŸŒ¹	tawerdett
ğŸ¥€	ajeÄŸÄŸig akiwan
ğŸŒº	tiviná¹£eá¹›t
ğŸŒ»	mager iá¹­á¹­ij
ğŸŒ¼	amgud
ğŸŒ·	taxlult
ğŸŒ±	imÉ£i aleqqaq
ğŸŒ²	tumert
ğŸŒ³	aseklu bu yifer
ğŸŒ´	tazdayt
ğŸŒµ	TasiÉ£awt
ğŸŒ¾	taceá¹›á¹›aft n á¹›á¹›uz
ğŸŒ¿	ifer
â˜˜ï¸	ikeffis
ğŸ€	ikeffis bu kuáº“ n wafriwen
ğŸ	ifer n kikev
ğŸ‚	ifer alvivec (ifer ucelvu)
ğŸƒ	tamjiwect n ifriwen
ğŸ‡	tiáº“urin
ğŸˆ	afeqqus
ğŸ‰	delleÉ›
ğŸŠ	tamandaritt
ğŸ‹	tilimett
ğŸŒ	tabanant
ğŸ	tananast
ğŸ¥­	tamungatt
ğŸ	adeffu azeggaÉ£
ğŸ	adeffu azegzaw
ğŸ	ifires
ğŸ‘	taxuxett
ğŸ’	taknisya
ğŸ“	tariwalt
ğŸ¥	takiwitt
ğŸ…	taá¹­umaá¹­ict
ğŸ¥¥	iÉ£san n koko
ğŸ¥‘	tavukatt
ğŸ†	tapatengalt
ğŸ¥”	tabaá¹­aá¹­att
ğŸ¥•	taáº“rudgatt
ğŸŒ½	ageá¹­á¹­uc
ğŸŒ¶ï¸	ifelfel azggaÉ£
ğŸ¥’	ilekkel
ğŸ¥¬	Tidelt n iferrawen izegzawen
ğŸ„	taá¹›eÉ£lett
ğŸ¥œ	takawkawt
ğŸ¥„	tajÉ£elt
ğŸ”ª	tafruyt n usaÄÄet
ğŸº	abuqal
ğŸŒ	amtiweg turuft tafriqt
ğŸŒï¸	amtiweg timrikin
ğŸŒ	amtiweg asya ustralya
ğŸ—ºï¸	takará¸a n umaá¸al
ğŸ—¾	takará¸a n Japun
ğŸ§­	tabusult
ğŸ”ï¸	adrar n udfel
â›°ï¸	adrar
ğŸŒ‹	aburkan
ğŸ—»	Taqacuct Fuji
ğŸ•ï¸	asdar
ğŸœï¸	aneáº“ruf
ğŸï¸	tigzirt taneáº“ruft
ğŸï¸	amá¹›aá¸¥ aÉ£elnaw
ğŸŸï¸	annar
ğŸ›ï¸	amedruz aklasikan
ğŸ—ï¸	bennu n uzadaÉ£
ğŸ§±	Tayajuá¹›t
ğŸ˜ï¸	ixxamen
ğŸšï¸	axxam yettwaá¸eggren
ğŸ ï¸	axxam
ğŸ¡	axxam s tmazirt
ğŸ¢	aá¹£uk n tnariyin
ğŸ£	tanazent tajapunit
ğŸ¤	tanarit n tnazent
ğŸ¥	Asegnaf
ğŸ¦	tabanka
ğŸ¨	asensu
ğŸ©	asensu n tayri
ğŸª	talzuzt
ğŸ«	aÉ£erbaz
ğŸ¬	taá¸¥anut meqqren
ğŸ­ï¸	taneÉ£raft
ğŸ¯	tiÉ£remt tajapunit
ğŸ°	tiÉ£remt
ğŸ’’	tissulya
ğŸ—¼	TiÉ£remt n Tokyo
ğŸ—½	lemqam n tlelli
â›ªï¸	tamezgida n imasiá¸¥iyen
ğŸ•Œ	tamezgida n inselmen
ğŸ•	tamezgida n udayen
â›©ï¸	lemqam shrine
ğŸ•‹	lkaÉ›va
â›²ï¸	tala
â›ºï¸	aqiá¸un
ğŸŒ	agu
ğŸŒƒ	iá¸ s itran
ğŸ™ï¸	tamdint
ğŸš‡ï¸	amitá¹›u
ğŸšˆ	amitru afess
ğŸš“	Takerrust n temsulta
ğŸš•	Ataksi
ğŸš—	Takerrust
ğŸ›¹	Avilu
ğŸš¨	Taftilt n tkerrust n tmsulta
âœˆï¸	asafag
ğŸ›©ï¸	asafag ameáº“yan
ğŸ’º	tasÉ£imt
ğŸš	talikuptirt
ğŸ›°ï¸	Aá¹£atilit
ğŸš€	tallunt
ğŸ›¸	taÉ£awsa tarussint yettafgen
âŒ›ï¸	tamrilt n ijdan
â³ï¸	tamrilt n ijdan yettmirin
âŒšï¸	tamrilt
â±ï¸	amesnakud
â²ï¸	Asakway
ğŸŒ¡ï¸	atirmumitr
â˜€ï¸	iá¹­ij
â˜ï¸	asigna
â›…ï¸	asigna, iá¹­ij
ğŸŒ¤ï¸	asigna, iá¹­ij
ğŸŒ«ï¸	asigna
ğŸ”¥	times
ğŸƒ	taxsayt
ğŸ†	asfugel
ğŸ‡	ifá¹­iwej
âœ¨	itran
ğŸˆ	asfugel
ğŸ€	asfugel
ğŸ«	atiki
ğŸ–ï¸	ciÉ›a taserdasant
ğŸ†ï¸	arraz
ğŸ…	ciÉ›a n waddal
ğŸ¥‡	ciÉ›a n dhev
ğŸ¥ˆ	ciÉ›a n lfeá¹­á¹­a
ğŸ¥‰	ciÉ›a n bá¹›unz
âš½ï¸	ÄÄir n dabax n uá¸ar
ğŸ”®	takurt n ukrisá¹­al
ğŸ€„ï¸	azeggaÉ£, mahjong, urar
ğŸ´	takará¸a, urar
ğŸ©	tarazalt
ğŸ“ï¸	agerdas
â›‘ï¸	akaskiá¸ amidag amellal
ğŸ“¿	teá¹£biá¸¥
ğŸ’„	zzin aÎ³ec
ğŸ’	taxatemt
ğŸ’	adgun aswa
ğŸ”‡	asusam
ğŸ”ˆï¸	imesli
ğŸ”‰	imesli
ğŸ”Š	imesli
ğŸ“£	amigafun
ğŸµ	tazmilt taáº“awant
ğŸ¶	tizmilin tiáº“awanin
ğŸ“»ï¸	rradyu
ğŸ·	asaksufun
ğŸ¸	snitra
ğŸ“±	tiliÉ£ri tazirazt
ğŸ”‹	aáº“ru
ğŸ’»ï¸	aselkim aziraz
ğŸ–¥ï¸	aselkim n tnarit
ğŸ–¨ï¸	tasaggazt
âŒ¨ï¸	anasiw
ğŸ–±ï¸	taÉ£erdayt n uselkim
ğŸ–²ï¸	aselkim
ğŸ’½	aá¸ebsi n uselkim
ğŸ¥	takamirat
ğŸ“½ï¸	ameskan n yisura
ğŸ“ºï¸	tiliáº“ri
ğŸ“·ï¸	Takamiá¹›at
ğŸ“”	imedlis s tduli icebá¸¥en
ğŸ“•	adlis imedlen
ğŸ“–	adlis yeldin
ğŸ“—	adlis azegzaw
ğŸ“˜	adlis amidadi
ğŸ“™	adlis aÄinawi
ğŸ“šï¸	idlisen
ğŸ““	imedlis
ğŸ“’	ambellez
ğŸ“ƒ	asebter yettwasekwren
ğŸ“œ	adrurem
ğŸ“„	asebter
ğŸ“°	aÉ£mis
ğŸ“‘	tacreá¹­, tacreá¹­ n usebter
ğŸ”–	tacreá¹­ n usebter
ğŸ·ï¸	tabzimt
ğŸ’²	adulaá¹›, idrimen, tadrimt
âœ‰ï¸	tajellabt
ğŸ“§	imayl
ğŸ“¨	izen ukcim
ğŸ“©	izen yettwazen
ğŸ“¤ï¸	tanaka n tuzna
ğŸ—³ï¸	asenduq
âœï¸	imru
âœ’ï¸	imru n tricet aberkan
ğŸ“	akaram n ufaylu
ğŸ“‚	ldi akaram n ufaylu
ğŸ“†	awitay
ğŸ”’ï¸	yeskweá¹›
ğŸ”“ï¸	yeldi
ğŸ”¨	afecku
ğŸ›¡ï¸	abeckiá¸
âš™ï¸	afecku
ğŸ”—	aseÉ£wen
ğŸ’‰	tisegnit
ğŸ’Š	amejjay, amuá¸in, tujjya
ğŸšª	tabburt
ğŸ›’	taqecwalt n tiÉ£in
ğŸš¬	ageá¹›á¹›u
âš°ï¸	tamettant
ğŸ§	tamacint n tedrimt tawurmant
ğŸš®	tignit n iá¸umman
ğŸš°	aman deg ufus
â™¿ï¸	azamul n unekcum n uneÉ›yabu
ğŸš¹ï¸	azamul n urgaz
ğŸšºï¸	azamul n tmeá¹­á¹­ut
ğŸš»	azamul n teslalayt
ğŸš¼ï¸	azamul n á¹£ebyan
ğŸš¾	taslalayt
â¬†ï¸	aneccab d asawen
â†—ï¸	aneccab d asawen uáº“áº“il
â¡ï¸	aneccab ayeffus
â†˜ï¸	aneccab d akesser uáº“áº“il
â¬‡ï¸	aneccab akesser
â†™ï¸	aneccab akesser ayeffus
â¬…ï¸	aneccab azelmaá¸
â†–ï¸	aneccab asawen azelmaá¸
â†•ï¸	aneccab asawen akesser
â†”ï¸	aneccab azelmaá¸ ayeffus
â†©ï¸	aneccab ayeffus yettin s azelmaá¸
â†ªï¸	aneccab azelmaá¸ yettin s ayeffus
â¤´ï¸	aneccab ayeffus yettin d asawen
â¤µï¸	aneccab ayeffus yettin d akesser
ğŸ”ƒ	ineccaben tanila n isegnan n temrilt
ğŸ”„	taqeffalt n ineccaben n tnila yettin n isegnan n temrilt
ğŸ”™	Aneccab n tuÉ£alin
ğŸ”š	Aneccab n tagara
ğŸ”›	urmid
ğŸ”œ	Aneccab Qrib
ğŸ”	aneccab n ufalla
â™ˆï¸	Ikerri
â™‰ï¸	Aramul
â™Šï¸	Akniwen
â™‹ï¸	Afurray
â™Œï¸	Izem
â™ï¸	Taá¸¥bayrit
â™ï¸	Tacihant
â™ï¸	TiÉ£irdemt
â™ï¸	Amnaccab
â™‘ï¸	Aqelwac
â™’ï¸	Azfuf
â™“ï¸	Islem
â›	Aáº“udyak
ğŸ”€	Aneccab anmidag
ğŸ”	aneccab imdewweá¹›
â–¶	taqeffalt n tÉ£uri
âï¸	taqeffalt n senzelli
ğŸ¦	sinima
#âƒ£	keycap, keycap: #
*âƒ£	keycap, keycap: *
0âƒ£	keycap, keycap: 0
1âƒ£	keycap, keycap: 1
2âƒ£	keycap, keycap: 2
3âƒ£	keycap, keycap: 3
4âƒ£	keycap, keycap: 4
5âƒ£	keycap, keycap: 5
6âƒ£	keycap, keycap: 6
7âƒ£	keycap, keycap: 7
8âƒ£	keycap, keycap: 8
9âƒ£	keycap, keycap: 9
ğŸ”Ÿ	keycap, keycap: 10
ğŸ	anay s texxamin
ğŸš©	anay azeggaÉ£
ğŸŒ	anayen ijapuniyen
ğŸ´	anay aberkan
ğŸ³ï¸	anay amellal
ğŸ³â€ğŸŒˆ	anay n teslit n unáº“ar
ğŸ‡¦ğŸ‡¨	anay, anay: Tigzirt n Aá¹£unsyun
ğŸ‡¦ğŸ‡©	anay, anay: Undura
ğŸ‡¦ğŸ‡ª	anay, anay: Tigeldunin Yedduklen TaÉ›rabin
ğŸ‡¦ğŸ‡«	anay, anay: AfÉ£anistan
ğŸ‡¦ğŸ‡¬	anay, anay: Untiga d Barbuda
ğŸ‡¦ğŸ‡®	anay, anay: Ungiya
ğŸ‡¦ğŸ‡±	anay, anay: Lalbani
ğŸ‡¦ğŸ‡²	anay, anay: Arminya
ğŸ‡¦ğŸ‡´	anay, anay: Ungula
ğŸ‡¦ğŸ‡¶	anay, anay: Antaá¹›ktik
ğŸ‡¦ğŸ‡·	anay, anay: Arjuntin
ğŸ‡¦ğŸ‡¸	anay, anay: Samwa Tamarikanit
ğŸ‡¦ğŸ‡¹	anay, anay: Ustriya
ğŸ‡¦ğŸ‡º	anay, anay: Ustrali
ğŸ‡¦ğŸ‡¼	anay, anay: Aruba
ğŸ‡¦ğŸ‡½	anay, anay: Tigzirin n Aland
ğŸ‡¦ğŸ‡¿	anay, anay: Azrabijan
ğŸ‡§ğŸ‡¦	anay, anay: Busna d Hersek
ğŸ‡§ğŸ‡§	anay, anay: Barbadus
ğŸ‡§ğŸ‡©	anay, anay: Bangladac
ğŸ‡§ğŸ‡ª	anay, anay: BelÇ§ik
ğŸ‡§ğŸ‡«	anay, anay: Burkina Fasu
ğŸ‡§ğŸ‡¬	anay, anay: Bulgari
ğŸ‡§ğŸ‡­	anay, anay: Baá¸¥rin
ğŸ‡§ğŸ‡®	anay, anay: Burandi
ğŸ‡§ğŸ‡¯	anay, anay: Binin
ğŸ‡§ğŸ‡±	anay, anay: Sant Baá¹›tilimi
ğŸ‡§ğŸ‡²	anay, anay: Bermuda
ğŸ‡§ğŸ‡³	anay, anay: Bruney
ğŸ‡§ğŸ‡´	anay, anay: Bulivi
ğŸ‡§ğŸ‡¶	anay, anay: Huland n Kaá¹›ayib
ğŸ‡§ğŸ‡·	anay, anay: Brizil
ğŸ‡§ğŸ‡¸	anay, anay: Bahamas
ğŸ‡§ğŸ‡¹	anay, anay: Bhutan
ğŸ‡§ğŸ‡»	anay, anay: Tigzirin n Buvet
ğŸ‡§ğŸ‡¼	anay, anay: Bustwana
ğŸ‡§ğŸ‡¾	anay, anay: Bilarus
ğŸ‡§ğŸ‡¿	anay, anay: Biliz
ğŸ‡¨ğŸ‡¦	anay, anay: Kanada
ğŸ‡¨ğŸ‡¨	anay, anay: Tigzirin n Kukus
ğŸ‡¨ğŸ‡©	anay, anay: Tigduda Tagdudant n Kungu
ğŸ‡¨ğŸ‡«	anay, anay: Tigduda n Tefriqt Talemmast
ğŸ‡¨ğŸ‡¬	anay, anay: Kungu
ğŸ‡¨ğŸ‡­	anay, anay: Swis
ğŸ‡¨ğŸ‡®	anay, anay: Kuá¹­ Divwar
ğŸ‡¨ğŸ‡°	anay, anay: Tigzirin n Kuk
ğŸ‡¨ğŸ‡±	anay, anay: Cili
ğŸ‡¨ğŸ‡²	anay, anay: Kamirun
ğŸ‡¨ğŸ‡³	anay, anay: Lacin
ğŸ‡¨ğŸ‡´	anay, anay: Kulumbi
ğŸ‡¨ğŸ‡µ	anay, anay: Tigzirt n Klipirá¹­un
ğŸ‡¨ğŸ‡·	anay, anay: Kusta Rika
ğŸ‡¨ğŸ‡º	anay, anay: Kuba
ğŸ‡¨ğŸ‡»	anay, anay: Tigzirin n yixef azegzaw
ğŸ‡¨ğŸ‡¼	anay, anay: Kuá¹›aá¹£aw
ğŸ‡¨ğŸ‡½	anay, anay: Tigzrin n Kristmaá¹£
ğŸ‡¨ğŸ‡¾	anay, anay: Cipr
ğŸ‡¨ğŸ‡¿	anay, anay: ÄŒÄek
ğŸ‡©ğŸ‡ª	anay, anay: Lalman
ğŸ‡©ğŸ‡¬	anay, anay: Digu Gaá¹›sya
ğŸ‡©ğŸ‡¯	anay, anay: Ç¦ibuti
ğŸ‡©ğŸ‡°	anay, anay: Denmark
ğŸ‡©ğŸ‡²	anay, anay: Duminik
ğŸ‡©ğŸ‡´	anay, anay: Tigduda Taduminikit
ğŸ‡©ğŸ‡¿	anay, anay: Lezzayer
ğŸ‡ªğŸ‡¦	anay, anay: Sebta d Melilla
ğŸ‡ªğŸ‡¨	anay, anay: Ikwaá¹­ur
ğŸ‡ªğŸ‡ª	anay, anay: Istunya
ğŸ‡ªğŸ‡¬	anay, anay: Maá¹£r
ğŸ‡ªğŸ‡­	anay, anay: Seá¸¥ra n umalu
ğŸ‡ªğŸ‡·	anay, anay: Iritiria
ğŸ‡ªğŸ‡¸	anay, anay: Spanya
ğŸ‡ªğŸ‡¹	anay, anay: Utyupi
ğŸ‡ªğŸ‡º	anay, anay: Tiddukla n Turuft
ğŸ‡«ğŸ‡®	anay, anay: Finlund
ğŸ‡«ğŸ‡¯	anay, anay: Fiji
ğŸ‡«ğŸ‡°	anay, anay: Tigzirin n Falkland
ğŸ‡«ğŸ‡²	anay, anay: Mikrunizya
ğŸ‡«ğŸ‡´	anay, anay: Tigzirin n Faá¹›wi
ğŸ‡«ğŸ‡·	anay, anay: Fransa
ğŸ‡¬ğŸ‡¦	anay, anay: Gabun
ğŸ‡¬ğŸ‡§	anay, anay: Tagelda Yedduklen
ğŸ‡¬ğŸ‡©	anay, anay: Grunad
ğŸ‡¬ğŸ‡ª	anay, anay: Jiyurji
ğŸ‡¬ğŸ‡«	anay, anay: Æ”ana tafransist
ğŸ‡¬ğŸ‡¬	anay, anay: Girnizi
ğŸ‡¬ğŸ‡­	anay, anay: Æ”ana
ğŸ‡¬ğŸ‡®	anay, anay: Jibraltar
ğŸ‡¬ğŸ‡±	anay, anay: Grunland
ğŸ‡¬ğŸ‡²	anay, anay: Gambya
ğŸ‡¬ğŸ‡³	anay, anay: Æ”inya
ğŸ‡¬ğŸ‡µ	anay, anay: Gwadalupi
ğŸ‡¬ğŸ‡¶	anay, anay: Æ”inya Tasebgast
ğŸ‡¬ğŸ‡·	anay, anay: Lagris
ğŸ‡¬ğŸ‡¸	anay, anay: Tigzirin n Jyuá¹›jya n Unzul akked SandwiÄ n Unáº“ul
ğŸ‡¬ğŸ‡¹	anay, anay: Gwatimala
ğŸ‡¬ğŸ‡º	anay, anay: Gwam
ğŸ‡¬ğŸ‡¼	anay, anay: Æ”inya-Bisaw
ğŸ‡¬ğŸ‡¾	anay, anay: Guwana
ğŸ‡­ğŸ‡°	anay, anay: Tamnaá¹­ Taqbuá¹›t Tacinwat n Hung Kung
ğŸ‡­ğŸ‡²	anay, anay: Tigzirin Heard akked McDonald
ğŸ‡­ğŸ‡³	anay, anay: Hunduras
ğŸ‡­ğŸ‡·	anay, anay: Kerwasya
ğŸ‡­ğŸ‡¹	anay, anay: Hayti
ğŸ‡­ğŸ‡º	anay, anay: Hungri
ğŸ‡®ğŸ‡¨	anay, anay: Tigzirin Tikanaá¹›iyin
ğŸ‡®ğŸ‡©	anay, anay: Indunizi
ğŸ‡®ğŸ‡ª	anay, anay: Lirlund
ğŸ‡®ğŸ‡±	anay, anay: Izrayil
ğŸ‡®ğŸ‡²	anay, anay: Tigzirt n Man
ğŸ‡®ğŸ‡³	anay, anay: Lhend
ğŸ‡®ğŸ‡´	anay, anay: Akal Aglizi deg Ugaraw Ahendi
ğŸ‡®ğŸ‡¶	anay, anay: LÉ›iraq
ğŸ‡®ğŸ‡·	anay, anay: Iran
ğŸ‡®ğŸ‡¸	anay, anay: Island
ğŸ‡®ğŸ‡¹	anay, anay: á¹¬elyan
ğŸ‡¯ğŸ‡ª	anay, anay: Jiá¹›zi
ğŸ‡¯ğŸ‡²	anay, anay: Jamyika
ğŸ‡¯ğŸ‡´	anay, anay: Lajurdani
ğŸ‡¯ğŸ‡µ	anay, anay: Jappu
ğŸ‡°ğŸ‡ª	anay, anay: Kinya
ğŸ‡°ğŸ‡¬	anay, anay: Kirigistan
ğŸ‡°ğŸ‡­	anay, anay: Cambudya
ğŸ‡°ğŸ‡®	anay, anay: Kiribati
ğŸ‡°ğŸ‡²	anay, anay: Kumur
ğŸ‡°ğŸ‡³	anay, anay: San Kits d Nivis
ğŸ‡°ğŸ‡µ	anay, anay: Kurya, Ufella
ğŸ‡°ğŸ‡·	anay, anay: Kurya, Wadda
ğŸ‡°ğŸ‡¼	anay, anay: Kuwayt
ğŸ‡°ğŸ‡¾	anay, anay: Tigzirin n Kamyan
ğŸ‡°ğŸ‡¿	anay, anay: Kazaxistan
ğŸ‡±ğŸ‡¦	anay, anay: Laws
ğŸ‡±ğŸ‡§	anay, anay: Lubnan
ğŸ‡±ğŸ‡¨	anay, anay: San LuÄya
ğŸ‡±ğŸ‡®	anay, anay: Layctenstan
ğŸ‡±ğŸ‡°	anay, anay: Sri Lanka
ğŸ‡±ğŸ‡·	anay, anay: Libirya
ğŸ‡±ğŸ‡¸	anay, anay: Lizuá¹­u
ğŸ‡±ğŸ‡¹	anay, anay: Liá¹­wanya
ğŸ‡±ğŸ‡º	anay, anay: Luksamburg
ğŸ‡±ğŸ‡»	anay, anay: Latvia
ğŸ‡±ğŸ‡¾	anay, anay: Libya
ğŸ‡²ğŸ‡¦	anay, anay: Lmerruk
ğŸ‡²ğŸ‡¨	anay, anay: Munaku
ğŸ‡²ğŸ‡©	anay, anay: Muldabi
ğŸ‡²ğŸ‡ª	anay, anay: Muntinigru
ğŸ‡²ğŸ‡«	anay, anay: San Maá¹›tan
ğŸ‡²ğŸ‡¬	anay, anay: MadaÉ£ecqer
ğŸ‡²ğŸ‡­	anay, anay: Tigzirin n Marcal
ğŸ‡²ğŸ‡°	anay, anay: Masidwan
ğŸ‡²ğŸ‡±	anay, anay: Mali
ğŸ‡²ğŸ‡²	anay, anay: Myanmar
ğŸ‡²ğŸ‡³	anay, anay: Mungulya
ğŸ‡²ğŸ‡´	anay, anay: Tamnaá¹­ Tudbilt Tuzzigt tacenwit n Makaw
ğŸ‡²ğŸ‡µ	anay, anay: Tigzirin n Maryan Ufella
ğŸ‡²ğŸ‡¶	anay, anay: Martinik
ğŸ‡²ğŸ‡·	anay, anay: Muriá¹­anya
ğŸ‡²ğŸ‡¸	anay, anay: Munsirat
ğŸ‡²ğŸ‡¹	anay, anay: Malá¹­
ğŸ‡²ğŸ‡º	anay, anay: Muris
ğŸ‡²ğŸ‡»	anay, anay: Maldib
ğŸ‡²ğŸ‡¼	anay, anay: Malawi
ğŸ‡²ğŸ‡½	anay, anay: Meksik
ğŸ‡²ğŸ‡¾	anay, anay: Malizya
ğŸ‡²ğŸ‡¿	anay, anay: Muzembiq
ğŸ‡³ğŸ‡¦	anay, anay: Namibya
ğŸ‡³ğŸ‡¨	anay, anay: Kalidunya Tamaynut
ğŸ‡³ğŸ‡ª	anay, anay: Nijer
ğŸ‡³ğŸ‡«	anay, anay: Tigzirin Tinawfukin
ğŸ‡³ğŸ‡¬	anay, anay: Nijirya
ğŸ‡³ğŸ‡®	anay, anay: Nikaragwa
ğŸ‡³ğŸ‡±	anay, anay: Timura-Yessakesren
ğŸ‡³ğŸ‡´	anay, anay: Nurvij
ğŸ‡³ğŸ‡µ	anay, anay: Nipal
ğŸ‡³ğŸ‡·	anay, anay: Nuru
ğŸ‡³ğŸ‡º	anay, anay: Niwi
ğŸ‡³ğŸ‡¿	anay, anay: Ziland Tamaynut
ğŸ‡´ğŸ‡²	anay, anay: Æuman
ğŸ‡µğŸ‡¦	anay, anay: Panam
ğŸ‡µğŸ‡ª	anay, anay: Piru
ğŸ‡µğŸ‡«	anay, anay: Pulunizi tafransist
ğŸ‡µğŸ‡¬	anay, anay: Æ”inya Tamaynut Tapaput
ğŸ‡µğŸ‡­	anay, anay: Filipin
ğŸ‡µğŸ‡°	anay, anay: Pakistan
ğŸ‡µğŸ‡±	anay, anay: Pulund
ğŸ‡µğŸ‡²	anay, anay: San Pyar d Miklun
ğŸ‡µğŸ‡³	anay, anay: Pitkarin
ğŸ‡µğŸ‡·	anay, anay: Purtu Riku
ğŸ‡µğŸ‡¸	anay, anay: Falisá¹­in d Æ”ezza
ğŸ‡µğŸ‡¹	anay, anay: Purtugal
ğŸ‡µğŸ‡¼	anay, anay: Palu
ğŸ‡µğŸ‡¾	anay, anay: Paragway
ğŸ‡¶ğŸ‡¦	anay, anay: Qaá¹­ar
ğŸ‡·ğŸ‡ª	anay, anay: Timlilit
ğŸ‡·ğŸ‡´	anay, anay: Rumani
ğŸ‡·ğŸ‡¸	anay, anay: á¹¢irbya
ğŸ‡·ğŸ‡º	anay, anay: Rrus
ğŸ‡·ğŸ‡¼	anay, anay: Ruwanda
ğŸ‡¸ğŸ‡¦	anay, anay: SuÉ›udiya TaÉ›rabt
ğŸ‡¸ğŸ‡§	anay, anay: Tigzirin n Sulumun
ğŸ‡¸ğŸ‡¨	anay, anay: Seycel
ğŸ‡¸ğŸ‡©	anay, anay: Sudan
ğŸ‡¸ğŸ‡ª	anay, anay: Swid
ğŸ‡¸ğŸ‡¬	anay, anay: Singafur
ğŸ‡¸ğŸ‡­	anay, anay: Sant Ilina
ğŸ‡¸ğŸ‡®	anay, anay: Sluvinya
ğŸ‡¸ğŸ‡¯	anay, anay: Svalvard d Jan Mayen
ğŸ‡¸ğŸ‡°	anay, anay: Sluvakya
ğŸ‡¸ğŸ‡±	anay, anay: Sira Lyun
ğŸ‡¸ğŸ‡²	anay, anay: San Marinu
ğŸ‡¸ğŸ‡³	anay, anay: Sinigal
ğŸ‡¸ğŸ‡´	anay, anay: á¹¢umal
ğŸ‡¸ğŸ‡·	anay, anay: Surinam
ğŸ‡¸ğŸ‡¸	anay, anay: Sudan n unáº“ul
ğŸ‡¸ğŸ‡¹	anay, anay: Saw Tumi d Pransip
ğŸ‡¸ğŸ‡»	anay, anay: Salvadur
ğŸ‡¸ğŸ‡½	anay, anay: San Maá¹›tan(Tamnaá¸t tahulandit)
ğŸ‡¸ğŸ‡¾	anay, anay: Surya
ğŸ‡¸ğŸ‡¿	anay, anay: Swazilund
ğŸ‡¹ğŸ‡¦	anay, anay: Tristan da Kunha
ğŸ‡¹ğŸ‡¨	anay, anay: á¹¬urk d Tegzirin n Kaykus
ğŸ‡¹ğŸ‡©	anay, anay: ÄŒad
ğŸ‡¹ğŸ‡«	anay, anay: Timura n umalu tifá¹›ansisiyin
ğŸ‡¹ğŸ‡¬	anay, anay: á¹¬ugu
ğŸ‡¹ğŸ‡­	anay, anay: á¹¬ayland
ğŸ‡¹ğŸ‡¯	anay, anay: Tajikistan
ğŸ‡¹ğŸ‡°	anay, anay: á¹¬uklu
ğŸ‡¹ğŸ‡±	anay, anay: Tumur Asamar
ğŸ‡¹ğŸ‡²	anay, anay: á¹¬urkmanistan
ğŸ‡¹ğŸ‡³	anay, anay: Tunes
ğŸ‡¹ğŸ‡´	anay, anay: á¹¬unga
ğŸ‡¹ğŸ‡·	anay, anay: á¹¬urk
ğŸ‡¹ğŸ‡¹	anay, anay: á¹¬rindad d á¹¬ubagu
ğŸ‡¹ğŸ‡»	anay, anay: á¹¬uvalu
ğŸ‡¹ğŸ‡¼	anay, anay: á¹¬aywan
ğŸ‡¹ğŸ‡¿	anay, anay: á¹¬anzanya
ğŸ‡ºğŸ‡¦	anay, anay: Ukran
ğŸ‡ºğŸ‡¬	anay, anay: UÉ£anda
ğŸ‡ºğŸ‡²	anay, anay: Tigzirin ibeÉ›den n Marikan
ğŸ‡ºğŸ‡³	anay, anay: Timura Idduklen
ğŸ‡ºğŸ‡¸	anay, anay: WDM
ğŸ‡ºğŸ‡¾	anay, anay: Urugway
ğŸ‡ºğŸ‡¿	anay, anay: Uzbaxistan
ğŸ‡»ğŸ‡¦	anay, anay: Awanek n Vatikan
ğŸ‡»ğŸ‡¨	anay, anay: San Vansu d Grunadin
ğŸ‡»ğŸ‡ª	anay, anay: Venzwila
ğŸ‡»ğŸ‡¬	anay, anay: Tigzirin Tiverjiniyin Tigliziyin
ğŸ‡»ğŸ‡®	anay, anay: W.D. Tigzirin n Virginya
ğŸ‡»ğŸ‡³	anay, anay: Vyeá¹­nam
ğŸ‡»ğŸ‡º	anay, anay: Vanwatu
ğŸ‡¼ğŸ‡«	anay, anay: Wallis d Futuna
ğŸ‡¼ğŸ‡¸	anay, anay: Samwa
ğŸ‡½ğŸ‡°	anay, anay: Kuá¹£uvu
ğŸ‡¾ğŸ‡ª	anay, anay: Lyamen
ğŸ‡¾ğŸ‡¹	anay, anay: Mayuá¹­
ğŸ‡¿ğŸ‡¦	anay, anay: Tafriqt Wadda
ğŸ‡¿ğŸ‡²	anay, anay: Zambya
ğŸ‡¿ğŸ‡¼	anay, anay: Zimbabwi
ğŸ»	tagwlimt taceÉ›lalt
ğŸ¼	tagwlimt taceÉ›lalt talemmast
ğŸ½	taglimt talemmast
ğŸ¾	tagwlimt tubrikt talemmast
ğŸ¿	tagwlimt tubrikt
