ğŸ˜€	fjes, glis, glisefjes, latter, lol, morosamt, smilande fjes
ğŸ˜ƒ	fjes, latter, lol, morosamt, munn, open, smil, smilefjes, smilefjes med open munn
ğŸ˜„	latter, lol, med tenner, morosamt, smil, smilande auge, smilande fjes, smilefjes, smilefjes med open munn og smilande auge
ğŸ˜	fjes, glis, glisefjes med smilande auge, latter, lol, morosamt, smil, smilande auge, smilande fjes, smilefjes
ğŸ˜†	fjes, open munn, smil med open munn, smil med tennene, smilefjes med open munn
ğŸ˜…	kaldsveitte, munn, open, smil med sveitte, sveitt smil
ğŸ¤£	fjes, golv, latter, rullar, rullar pÃ¥ golvet i latter
ğŸ˜‚	fjes, fjes med gledestÃ¥rer, glede, gledestÃ¥rer, tÃ¥rer
ğŸ™‚	fjes, fjes som smiler litt, smil
ğŸ˜‰	andlet, blunk, blunkande andlet
ğŸ˜Š	fjes, smil, smilande auge, smilande fjes og auge, smilefjes
ğŸ˜	auge, fjes, hjarte, hjarteauge, kjÃ¦rleik, smilefjes med hjarteauge
ğŸ¤©	fjes, gliser, smil, stjerner, stjerner i auga
ğŸ˜˜	andlet, andlet sleng kyss, slengkyss
ğŸ˜—	fjes, kyss, kyssande fjes, kyssefjes
â˜ºï¸	andlet, smil, smilefjes
ğŸ˜š	auga lukka, fjes, kyss med lukka auge, kyssande
ğŸ˜™	fjes, kyss og smil, kyssande fjes med smil, smil, smilande auge
ğŸ˜‹	deilig mat, fjes, mmm, nam, nam-nam-fjes, smilefjes
ğŸ¤—	fjes, fjes som gjev klem, klem
ğŸ˜	fjes, smil, smilefjes med solbriller, solbriller
#âƒ£	tastar, tastar: #
*âƒ£	tastar, tastar: *
0âƒ£	tastar, tastar: 0
1âƒ£	tastar, tastar: 1
2âƒ£	tastar, tastar: 2
3âƒ£	tastar, tastar: 3
4âƒ£	tastar, tastar: 4
5âƒ£	tastar, tastar: 5
6âƒ£	tastar, tastar: 6
7âƒ£	tastar, tastar: 7
8âƒ£	tastar, tastar: 8
9âƒ£	tastar, tastar: 9
ğŸ”Ÿ	tastar, tastar: 10
ğŸ‡¦ğŸ‡¨	flagg, flagg: Ascension
ğŸ‡¦ğŸ‡©	flagg, flagg: Andorra
ğŸ‡¦ğŸ‡ª	flagg, flagg: Dei sameinte arabiske emirata
ğŸ‡¦ğŸ‡«	flagg, flagg: Afghanistan
ğŸ‡¦ğŸ‡¬	flagg, flagg: Antigua og Barbuda
ğŸ‡¦ğŸ‡®	flagg, flagg: Anguilla
ğŸ‡¦ğŸ‡±	flagg, flagg: Albania
ğŸ‡¦ğŸ‡²	flagg, flagg: Armenia
ğŸ‡¦ğŸ‡´	flagg, flagg: Angola
ğŸ‡¦ğŸ‡¶	flagg, flagg: Antarktis
ğŸ‡¦ğŸ‡·	flagg, flagg: Argentina
ğŸ‡¦ğŸ‡¸	flagg, flagg: Amerikansk Samoa
ğŸ‡¦ğŸ‡¹	flagg, flagg: Austerrike
ğŸ‡¦ğŸ‡º	flagg, flagg: Australia
ğŸ‡¦ğŸ‡¼	flagg, flagg: Aruba
ğŸ‡¦ğŸ‡½	flagg, flagg: Ã…land
ğŸ‡¦ğŸ‡¿	flagg, flagg: Aserbajdsjan
ğŸ‡§ğŸ‡¦	flagg, flagg: Bosnia-Hercegovina
ğŸ‡§ğŸ‡§	flagg, flagg: Barbados
ğŸ‡§ğŸ‡©	flagg, flagg: Bangladesh
ğŸ‡§ğŸ‡ª	flagg, flagg: Belgia
ğŸ‡§ğŸ‡«	flagg, flagg: Burkina Faso
ğŸ‡§ğŸ‡¬	flagg, flagg: Bulgaria
ğŸ‡§ğŸ‡­	flagg, flagg: Bahrain
ğŸ‡§ğŸ‡®	flagg, flagg: Burundi
ğŸ‡§ğŸ‡¯	flagg, flagg: Benin
ğŸ‡§ğŸ‡±	flagg, flagg: Saint BarthÃ©lemy
ğŸ‡§ğŸ‡²	flagg, flagg: Bermuda
ğŸ‡§ğŸ‡³	flagg, flagg: Brunei
ğŸ‡§ğŸ‡´	flagg, flagg: Bolivia
ğŸ‡§ğŸ‡¶	flagg, flagg: Karibisk Nederland
ğŸ‡§ğŸ‡·	flagg, flagg: Brasil
ğŸ‡§ğŸ‡¸	flagg, flagg: Bahamas
ğŸ‡§ğŸ‡¹	flagg, flagg: Bhutan
ğŸ‡§ğŸ‡»	flagg, flagg: BouvetÃ¸ya
ğŸ‡§ğŸ‡¼	flagg, flagg: Botswana
ğŸ‡§ğŸ‡¾	flagg, flagg: Kviterussland
ğŸ‡§ğŸ‡¿	flagg, flagg: Belize
ğŸ‡¨ğŸ‡¦	flagg, flagg: Canada
ğŸ‡¨ğŸ‡¨	flagg, flagg: KokosÃ¸yane
ğŸ‡¨ğŸ‡©	flagg, flagg: Kongo-Kinshasa
ğŸ‡¨ğŸ‡«	flagg, flagg: Den sentralafrikanske republikken
ğŸ‡¨ğŸ‡¬	flagg, flagg: Kongo-Brazzaville
ğŸ‡¨ğŸ‡­	flagg, flagg: Sveits
ğŸ‡¨ğŸ‡®	flagg, flagg: Elfenbeinskysten
ğŸ‡¨ğŸ‡°	flagg, flagg: CookÃ¸yane
ğŸ‡¨ğŸ‡±	flagg, flagg: Chile
ğŸ‡¨ğŸ‡²	flagg, flagg: Kamerun
ğŸ‡¨ğŸ‡³	flagg, flagg: Kina
ğŸ‡¨ğŸ‡´	flagg, flagg: Colombia
ğŸ‡¨ğŸ‡µ	flagg, flagg: ClippertonÃ¸ya
ğŸ‡¨ğŸ‡·	flagg, flagg: Costa Rica
ğŸ‡¨ğŸ‡º	flagg, flagg: Cuba
ğŸ‡¨ğŸ‡»	flagg, flagg: Kapp Verde
ğŸ‡¨ğŸ‡¼	flagg, flagg: CuraÃ§ao
ğŸ‡¨ğŸ‡½	flagg, flagg: ChristmasÃ¸ya
ğŸ‡¨ğŸ‡¾	flagg, flagg: Kypros
ğŸ‡¨ğŸ‡¿	flagg, flagg: Tsjekkia
ğŸ‡©ğŸ‡ª	flagg, flagg: Tyskland
ğŸ‡©ğŸ‡¬	flagg, flagg: Diego Garcia
ğŸ‡©ğŸ‡¯	flagg, flagg: Djibouti
ğŸ‡©ğŸ‡°	flagg, flagg: Danmark
ğŸ‡©ğŸ‡²	flagg, flagg: Dominica
ğŸ‡©ğŸ‡´	flagg, flagg: Den dominikanske republikken
ğŸ‡©ğŸ‡¿	flagg, flagg: Algerie
ğŸ‡ªğŸ‡¦	flagg, flagg: Ceuta og Melilla
ğŸ‡ªğŸ‡¨	flagg, flagg: Ecuador
ğŸ‡ªğŸ‡ª	flagg, flagg: Estland
ğŸ‡ªğŸ‡¬	flagg, flagg: Egypt
ğŸ‡ªğŸ‡­	flagg, flagg: Vest-Sahara
ğŸ‡ªğŸ‡·	flagg, flagg: Eritrea
ğŸ‡ªğŸ‡¸	flagg, flagg: Spania
ğŸ‡ªğŸ‡¹	flagg, flagg: Etiopia
ğŸ‡ªğŸ‡º	flagg, flagg: EU
ğŸ‡«ğŸ‡®	flagg, flagg: Finland
ğŸ‡«ğŸ‡¯	flagg, flagg: Fiji
ğŸ‡«ğŸ‡°	flagg, flagg: FalklandsÃ¸yane
ğŸ‡«ğŸ‡²	flagg, flagg: MikronesiafÃ¸derasjonen
ğŸ‡«ğŸ‡´	flagg, flagg: FÃ¦rÃ¸yane
ğŸ‡«ğŸ‡·	flagg, flagg: Frankrike
ğŸ‡¬ğŸ‡¦	flagg, flagg: Gabon
ğŸ‡¬ğŸ‡§	flagg, flagg: Storbritannia
ğŸ‡¬ğŸ‡©	flagg, flagg: Grenada
ğŸ‡¬ğŸ‡ª	flagg, flagg: Georgia
ğŸ‡¬ğŸ‡«	flagg, flagg: Fransk Guyana
ğŸ‡¬ğŸ‡¬	flagg, flagg: Guernsey
ğŸ‡¬ğŸ‡­	flagg, flagg: Ghana
ğŸ‡¬ğŸ‡®	flagg, flagg: Gibraltar
ğŸ‡¬ğŸ‡±	flagg, flagg: GrÃ¸nland
ğŸ‡¬ğŸ‡²	flagg, flagg: Gambia
ğŸ‡¬ğŸ‡³	flagg, flagg: Guinea
ğŸ‡¬ğŸ‡µ	flagg, flagg: Guadeloupe
ğŸ‡¬ğŸ‡¶	flagg, flagg: Ekvatorial-Guinea
ğŸ‡¬ğŸ‡·	flagg, flagg: Hellas
ğŸ‡¬ğŸ‡¸	flagg, flagg: SÃ¸r-Georgia og SÃ¸r-SandwichÃ¸yene
ğŸ‡¬ğŸ‡¹	flagg, flagg: Guatemala
ğŸ‡¬ğŸ‡º	flagg, flagg: Guam
ğŸ‡¬ğŸ‡¼	flagg, flagg: Guinea-Bissau
ğŸ‡¬ğŸ‡¾	flagg, flagg: Guyana
ğŸ‡­ğŸ‡°	flagg, flagg: Hongkong S.A.R. Kina
ğŸ‡­ğŸ‡²	flagg, flagg: HeardÃ¸ya og McDonaldÃ¸yane
ğŸ‡­ğŸ‡³	flagg, flagg: Honduras
ğŸ‡­ğŸ‡·	flagg, flagg: Kroatia
ğŸ‡­ğŸ‡¹	flagg, flagg: Haiti
ğŸ‡­ğŸ‡º	flagg, flagg: Ungarn
ğŸ‡®ğŸ‡¨	flagg, flagg: KanariÃ¸yane
ğŸ‡®ğŸ‡©	flagg, flagg: Indonesia
ğŸ‡®ğŸ‡ª	flagg, flagg: Irland
ğŸ‡®ğŸ‡±	flagg, flagg: Israel
ğŸ‡®ğŸ‡²	flagg, flagg: Man
ğŸ‡®ğŸ‡³	flagg, flagg: India
ğŸ‡®ğŸ‡´	flagg, flagg: Det britiske territoriet I Indiahavet
ğŸ‡®ğŸ‡¶	flagg, flagg: Irak
ğŸ‡®ğŸ‡·	flagg, flagg: Iran
ğŸ‡®ğŸ‡¸	flagg, flagg: Island
ğŸ‡®ğŸ‡¹	flagg, flagg: Italia
ğŸ‡¯ğŸ‡ª	flagg, flagg: Jersey
ğŸ‡¯ğŸ‡²	flagg, flagg: Jamaica
ğŸ‡¯ğŸ‡´	flagg, flagg: Jordan
ğŸ‡¯ğŸ‡µ	flagg, flagg: Japan
ğŸ‡°ğŸ‡ª	flagg, flagg: Kenya
ğŸ‡°ğŸ‡¬	flagg, flagg: Kirgisistan
ğŸ‡°ğŸ‡­	flagg, flagg: Kambodsja
ğŸ‡°ğŸ‡®	flagg, flagg: Kiribati
ğŸ‡°ğŸ‡²	flagg, flagg: Komorane
ğŸ‡°ğŸ‡³	flagg, flagg: Saint Kitts og Nevis
ğŸ‡°ğŸ‡µ	flagg, flagg: Nord-Korea
ğŸ‡°ğŸ‡·	flagg, flagg: SÃ¸r-Korea
ğŸ‡°ğŸ‡¼	flagg, flagg: Kuwait
ğŸ‡°ğŸ‡¾	flagg, flagg: CaymanÃ¸yane
ğŸ‡°ğŸ‡¿	flagg, flagg: Kasakhstan
ğŸ‡±ğŸ‡¦	flagg, flagg: Laos
ğŸ‡±ğŸ‡§	flagg, flagg: Libanon
ğŸ‡±ğŸ‡¨	flagg, flagg: St. Lucia
ğŸ‡±ğŸ‡®	flagg, flagg: Liechtenstein
ğŸ‡±ğŸ‡°	flagg, flagg: Sri Lanka
ğŸ‡±ğŸ‡·	flagg, flagg: Liberia
ğŸ‡±ğŸ‡¸	flagg, flagg: Lesotho
ğŸ‡±ğŸ‡¹	flagg, flagg: Litauen
ğŸ‡±ğŸ‡º	flagg, flagg: Luxembourg
ğŸ‡±ğŸ‡»	flagg, flagg: Latvia
ğŸ‡±ğŸ‡¾	flagg, flagg: Libya
ğŸ‡²ğŸ‡¦	flagg, flagg: Marokko
ğŸ‡²ğŸ‡¨	flagg, flagg: Monaco
ğŸ‡²ğŸ‡©	flagg, flagg: Moldova
ğŸ‡²ğŸ‡ª	flagg, flagg: Montenegro
ğŸ‡²ğŸ‡«	flagg, flagg: Saint Martin
ğŸ‡²ğŸ‡¬	flagg, flagg: Madagaskar
ğŸ‡²ğŸ‡­	flagg, flagg: MarshallÃ¸yane
ğŸ‡²ğŸ‡°	flagg, flagg: Makedonia
ğŸ‡²ğŸ‡±	flagg, flagg: Mali
ğŸ‡²ğŸ‡²	flagg, flagg: Myanmar (Burma)
ğŸ‡²ğŸ‡³	flagg, flagg: Mongolia
ğŸ‡²ğŸ‡´	flagg, flagg: Macao S.A.R. Kina
ğŸ‡²ğŸ‡µ	flagg, flagg: Nord-Marianane
ğŸ‡²ğŸ‡¶	flagg, flagg: Martinique
ğŸ‡²ğŸ‡·	flagg, flagg: Mauritania
ğŸ‡²ğŸ‡¸	flagg, flagg: Montserrat
ğŸ‡²ğŸ‡¹	flagg, flagg: Malta
ğŸ‡²ğŸ‡º	flagg, flagg: Mauritius
ğŸ‡²ğŸ‡»	flagg, flagg: Maldivane
ğŸ‡²ğŸ‡¼	flagg, flagg: Malawi
ğŸ‡²ğŸ‡½	flagg, flagg: Mexico
ğŸ‡²ğŸ‡¾	flagg, flagg: Malaysia
ğŸ‡²ğŸ‡¿	flagg, flagg: Mosambik
ğŸ‡³ğŸ‡¦	flagg, flagg: Namibia
ğŸ‡³ğŸ‡¨	flagg, flagg: Ny-Caledonia
ğŸ‡³ğŸ‡ª	flagg, flagg: Niger
ğŸ‡³ğŸ‡«	flagg, flagg: NorfolkÃ¸ya
ğŸ‡³ğŸ‡¬	flagg, flagg: Nigeria
ğŸ‡³ğŸ‡®	flagg, flagg: Nicaragua
ğŸ‡³ğŸ‡±	flagg, flagg: Nederland
ğŸ‡³ğŸ‡´	flagg, flagg: Noreg
ğŸ‡³ğŸ‡µ	flagg, flagg: Nepal
ğŸ‡³ğŸ‡·	flagg, flagg: Nauru
ğŸ‡³ğŸ‡º	flagg, flagg: Niue
ğŸ‡³ğŸ‡¿	flagg, flagg: New Zealand
ğŸ‡´ğŸ‡²	flagg, flagg: Oman
ğŸ‡µğŸ‡¦	flagg, flagg: Panama
ğŸ‡µğŸ‡ª	flagg, flagg: Peru
ğŸ‡µğŸ‡«	flagg, flagg: Fransk Polynesia
ğŸ‡µğŸ‡¬	flagg, flagg: Papua Ny-Guinea
ğŸ‡µğŸ‡­	flagg, flagg: Filippinane
ğŸ‡µğŸ‡°	flagg, flagg: Pakistan
ğŸ‡µğŸ‡±	flagg, flagg: Polen
ğŸ‡µğŸ‡²	flagg, flagg: Saint-Pierre-et-Miquelon
ğŸ‡µğŸ‡³	flagg, flagg: Pitcairn
ğŸ‡µğŸ‡·	flagg, flagg: Puerto Rico
ğŸ‡µğŸ‡¸	flagg, flagg: Palestinsk territorium
ğŸ‡µğŸ‡¹	flagg, flagg: Portugal
ğŸ‡µğŸ‡¼	flagg, flagg: Palau
ğŸ‡µğŸ‡¾	flagg, flagg: Paraguay
ğŸ‡¶ğŸ‡¦	flagg, flagg: Qatar
ğŸ‡·ğŸ‡ª	flagg, flagg: RÃ©union
ğŸ‡·ğŸ‡´	flagg, flagg: Romania
ğŸ‡·ğŸ‡¸	flagg, flagg: Serbia
ğŸ‡·ğŸ‡º	flagg, flagg: Russland
ğŸ‡·ğŸ‡¼	flagg, flagg: Rwanda
ğŸ‡¸ğŸ‡¦	flagg, flagg: Saudi-Arabia
ğŸ‡¸ğŸ‡§	flagg, flagg: SalomonÃ¸yane
ğŸ‡¸ğŸ‡¨	flagg, flagg: Seychellane
ğŸ‡¸ğŸ‡©	flagg, flagg: Sudan
ğŸ‡¸ğŸ‡ª	flagg, flagg: Sverige
ğŸ‡¸ğŸ‡¬	flagg, flagg: Singapore
ğŸ‡¸ğŸ‡­	flagg, flagg: Saint Helena
ğŸ‡¸ğŸ‡®	flagg, flagg: Slovenia
ğŸ‡¸ğŸ‡¯	flagg, flagg: Svalbard og Jan Mayen
ğŸ‡¸ğŸ‡°	flagg, flagg: Slovakia
ğŸ‡¸ğŸ‡±	flagg, flagg: Sierra Leone
ğŸ‡¸ğŸ‡²	flagg, flagg: San Marino
ğŸ‡¸ğŸ‡³	flagg, flagg: Senegal
ğŸ‡¸ğŸ‡´	flagg, flagg: Somalia
ğŸ‡¸ğŸ‡·	flagg, flagg: Surinam
ğŸ‡¸ğŸ‡¸	flagg, flagg: SÃ¸r-Sudan
ğŸ‡¸ğŸ‡¹	flagg, flagg: SÃ£o TomÃ© og PrÃ­ncipe
ğŸ‡¸ğŸ‡»	flagg, flagg: El Salvador
ğŸ‡¸ğŸ‡½	flagg, flagg: Sint Maarten
ğŸ‡¸ğŸ‡¾	flagg, flagg: Syria
ğŸ‡¸ğŸ‡¿	flagg, flagg: Swaziland
ğŸ‡¹ğŸ‡¦	flagg, flagg: Tristan da Cunha
ğŸ‡¹ğŸ‡¨	flagg, flagg: Turks- og CaicosÃ¸yane
ğŸ‡¹ğŸ‡©	flagg, flagg: Tsjad
ğŸ‡¹ğŸ‡«	flagg, flagg: Dei franske sÃ¸rterritoria
ğŸ‡¹ğŸ‡¬	flagg, flagg: Togo
ğŸ‡¹ğŸ‡­	flagg, flagg: Thailand
ğŸ‡¹ğŸ‡¯	flagg, flagg: Tadsjikistan
ğŸ‡¹ğŸ‡°	flagg, flagg: Tokelau
ğŸ‡¹ğŸ‡±	flagg, flagg: Timor-Leste (Aust-Timor)
ğŸ‡¹ğŸ‡²	flagg, flagg: Turkmenistan
ğŸ‡¹ğŸ‡³	flagg, flagg: Tunisia
ğŸ‡¹ğŸ‡´	flagg, flagg: Tonga
ğŸ‡¹ğŸ‡·	flagg, flagg: Tyrkia
ğŸ‡¹ğŸ‡¹	flagg, flagg: Trinidad og Tobago
ğŸ‡¹ğŸ‡»	flagg, flagg: Tuvalu
ğŸ‡¹ğŸ‡¼	flagg, flagg: Taiwan
ğŸ‡¹ğŸ‡¿	flagg, flagg: Tanzania
ğŸ‡ºğŸ‡¦	flagg, flagg: Ukraina
ğŸ‡ºğŸ‡¬	flagg, flagg: Uganda
ğŸ‡ºğŸ‡²	flagg, flagg: USAs ytre smÃ¥Ã¸yar
ğŸ‡ºğŸ‡³	flagg, flagg: SN
ğŸ‡ºğŸ‡¸	flagg, flagg: USA
ğŸ‡ºğŸ‡¾	flagg, flagg: Uruguay
ğŸ‡ºğŸ‡¿	flagg, flagg: Usbekistan
ğŸ‡»ğŸ‡¦	flagg, flagg: Vatikanstaten
ğŸ‡»ğŸ‡¨	flagg, flagg: St. Vincent og Grenadinane
ğŸ‡»ğŸ‡ª	flagg, flagg: Venezuela
ğŸ‡»ğŸ‡¬	flagg, flagg: Dei britiske JomfruÃ¸yane
ğŸ‡»ğŸ‡®	flagg, flagg: Dei amerikanske JomfruÃ¸yane
ğŸ‡»ğŸ‡³	flagg, flagg: Vietnam
ğŸ‡»ğŸ‡º	flagg, flagg: Vanuatu
ğŸ‡¼ğŸ‡«	flagg, flagg: Wallis og Futuna
ğŸ‡¼ğŸ‡¸	flagg, flagg: Samoa
ğŸ‡½ğŸ‡°	flagg, flagg: Kosovo
ğŸ‡¾ğŸ‡ª	flagg, flagg: Jemen
ğŸ‡¾ğŸ‡¹	flagg, flagg: Mayotte
ğŸ‡¿ğŸ‡¦	flagg, flagg: SÃ¸r-Afrika
ğŸ‡¿ğŸ‡²	flagg, flagg: Zambia
ğŸ‡¿ğŸ‡¼	flagg, flagg: Zimbabwe
