ğŸ¥½	zaÅ¡titne naoÄari
ğŸ¥¼	beli mantil
ğŸ¥¾	cipela za planinarenje
ğŸ¥¿	ravna cipela
ğŸ‡§ğŸ‡¾	zastava: Bjelorusija
ğŸ‡¨ğŸ‡¬	zastava: Kongo
ğŸ‡¨ğŸ‡»	zastava: Kabo Verde
ğŸ‡¨ğŸ‡¿	zastava: ÄŒeÅ¡ka Republika
ğŸ‡©ğŸ‡ª	zastava: NjemaÄka
ğŸ‡°ğŸ‡³	zastava: Sveti Kits i Nevis
ğŸ‡²ğŸ‡´	zastava: SAR Makao
ğŸ‡µğŸ‡²	zastava: Sveti Pjer i Mikelon
ğŸ‡·ğŸ‡ª	zastava: Reunion
ğŸ‡ºğŸ‡²	zastava: Manja udaljena ostrva SAD
ğŸ‡»ğŸ‡¨	zastava: Sveti Vinsent i Grenadini
ğŸ‡»ğŸ‡¬	zastava: Britanska DjeviÄanska Ostrva
ğŸ‡»ğŸ‡®	zastava: AmeriÄka DjeviÄanska Ostrva
